key,2002,2003,2004,2005,2006,2007,2008,2009,2010,2011,month
API,89,189,134,57,88,122,60,85,95,52,1
API,85,131,148,66,101,111,79,107,140,64,1
API,82,126,128,69,169,137,82,130,94,73,1
API,82,106,173,72,138,120,158,140,89,78,1
API,88,115,186,99,54,213,94,134,66,106,1
API,107,111,232,72,68,91,92,107,111,59,1
API,122,130,363,83,71,72,245,118,114,60,1
API,95,112,93,97,69,78,344,127,124,61,1
API,116,107,90,96,75,78,422,88,136,66,1
API,116,180,129,98,122,99,92,69,123,70,1
API,105,158,91,107,152,84,79,78,96,90,1
API,117,103,96,105,147,91,75,74,96,80,1
API,104,102,104,96,124,101,73,79,89,91,1
API,91,102,88,109,104,91,95,90,79,133,1
API,89,104,109,83,91,100,100,71,93,71,1
API,53,82,89,90,120,126,95,106,120,57,1
API,71,121,79,72,114,123,96,143,93,77,1
API,88,132,84,81,58,136,97,142,98,78,1
API,87,161,100,76,55,96,239,98,163,138,1
API,98,127,105,79,57,95,90,79,159,119,1
API,90,103,74,76,83,152,64,85,70,115,1
API,66,99,87,70,77,94,79,84,77,233,1
API,67,75,79,74,92,127,88,99,93,117,1
API,79,101,65,81,76,100,74,66,87,62,1
API,97,113,73,74,58,165,86,69,95,77,1
API,92,118,81,62,71,97,83,124,100,78,1
API,79,87,88,96,76,81,100,72,88,113,1
API,80,58,80,76,105,66,92,80,121,76,1
API,71,79,95,73,105,77,98,82,92,86,1
API,90,90,143,51,74,79,71,107,128,65,1
API,78,87,220,61,55,84,81,137,167,65,1
API,88,94,192,56,76,65,92,181,112,69,2
API,101,103,87,73,67,80,100,239,115,77,2
API,72,90,95,74,57,85,140,111,118,148,2
API,78,137,112,69,39,88,88,112,135,86,2
API,92,73,95,63,62,87,98,110,156,93,2
API,85,66,92,55,47,202,78,307,96,114,2
API,88,63,124,53,56,171,96,142,123,92,2
API,105,62,103,57,41,124,98,173,127,130,2
API,65,86,114,93,47,87,64,120,134,78,2
API,80,69,106,54,51,73,69,98,88,67,2
API,102,57,185,56,67,78,81,98,66,79,2
API,111,61,171,71,83,70,72,115,75,71,2
API,89,73,160,64,64,112,67,98,92,83,2
API,70,102,196,71,73,80,79,79,119,72,2
API,65,105,115,66,92,67,80,71,88,75,2
API,53,99,143,36,79,81,95,82,93,81,2
API,77,102,194,51,54,85,95,87,85,95,2
API,68,149,156,33,56,100,85,87,75,115,2
API,67,174,139,38,56,97,74,94,89,80,2
API,67,126,151,51,50,78,100,95,85,100,2
API,72,89,138,54,53,80,99,87,77,128,2
API,91,68,65,55,63,83,148,92,120,114,2
API,84,98,95,82,64,93,93,97,155,106,2
API,75,130,99,71,72,69,86,114,88,122,2
API,78,181,120,46,68,68,82,83,98,114,2
API,88,144,115,53,58,67,96,77,89,98,2
API,104,115,110,56,60,67,75,90,98,66,2
API,89,98,119,79,63,129,76,112,98,69,2
API,88,105,112,86,73,91,57,149,66,72,3
API,85,136,97,63,63,91,73,89,98,79,3
API,69,96,122,51,57,80,259,68,98,77,3
API,93,86,132,61,63,56,83,62,138,38,3
API,77,96,98,62,68,34,77,71,82,60,3
API,76,77,110,59,84,34,87,66,99,94,3
API,72,95,82,77,88,54,97,53,79,59,3
API,66,133,89,139,125,74,87,69,79,63,3
API,73,132,112,106,100,64,72,99,63,61,3
API,85,84,121,172,94,67,86,113,62,53,3
API,82,71,175,93,300,50,99,115,85,61,3
API,78,79,173,76,73,61,97,98,97,68,3
API,108,101,128,70,57,75,156,79,123,77,3
API,93,131,104,79,64,125,135,76,94,125,3
API,92,126,148,97,66,134,89,76,88,57,3
API,77,108,123,127,83,119,103,142,73,74,3
API,116,102,122,125,74,87,95,107,97,76,3
API,113,152,148,96,117,84,77,84,71,76,3
API,88,142,76,74,92,88,91,96,94,120,3
API,86,93,92,97,93,128,121,97,409,85,3
API,105,77,99,141,122,70,99,94,286,106,3
API,176,93,151,101,136,82,91,83,106,67,3
API,99,103,117,124,95,82,128,76,219,55,3
API,104,124,102,101,74,130,89,63,91,79,3
API,94,112,115,68,81,98,62,53,80,54,3
API,72,104,118,77,117,92,68,64,66,75,3
API,84,108,128,85,104,96,66,84,78,69,3
API,73,88,102,95,131,90,69,78,97,70,3
API,82,98,117,114,78,89,75,80,105,71,3
API,83,138,128,86,118,91,59,80,71,90,3
API,72,144,186,93,97,170,95,78,78,85,3
API,107,94,149,115,82,359,91,79,117,151,4
API,97,80,124,102,74,84,73,61,73,87,4
API,157,65,111,102,72,71,101,74,97,66,4
API,112,73,73,124,67,63,80,79,91,73,4
API,84,99,86,107,86,69,96,100,83,81,4
API,56,89,91,92,82,71,80,88,90,58,4
API,143,96,114,109,70,81,74,75,63,72,4
API,112,98,112,203,89,73,100,81,74,111,4
API,95,106,97,90,137,76,99,89,68,87,4
API,90,89,115,87,129,84,75,76,77,93,4
API,82,103,95,95,144,99,66,69,110,61,4
API,87,151,143,89,100,85,112,93,89,70,4
API,89,156,165,108,51,78,63,118,53,62,4
API,87,102,117,96,60,70,72,113,61,80,4
API,114,131,115,150,57,73,79,87,55,134,4
API,63,124,122,101,83,64,66,77,56,127,4
API,87,102,113,100,91,75,83,91,98,86,4
API,64,77,122,134,94,61,96,66,97,98,4
API,63,81,119,92,110,70,95,92,91,67,4
API,59,90,130,102,68,83,94,54,106,75,4
API,55,81,136,97,71,99,64,61,73,69,4
API,59,63,157,79,64,85,60,65,56,60,4
API,56,83,169,102,77,75,52,81,61,57,4
API,63,134,150,89,74,67,67,91,66,57,4
API,72,120,155,110,78,74,64,185,65,62,4
API,71,83,108,92,71,75,130,67,69,103,4
API,92,134,108,97,78,86,99,59,64,72,4
API,72,95,69,87,80,96,96,89,65,63,4
API,64,87,88,185,59,91,87,114,68,62,4
API,86,77,102,145,78,85,94,84,75,84,4
API,88,78,113,153,88,57,75,72,73,135,5
API,72,74,98,111,90,62,89,93,93,85,5
API,93,77,141,57,67,76,77,66,87,64,5
API,107,113,87,70,67,82,68,72,81,63,5
API,101,85,104,65,52,86,60,57,66,74,5
API,65,81,92,42,48,91,72,61,65,74,5
API,52,83,133,54,68,74,71,66,57,90,5
API,68,101,142,77,71,94,71,68,68,73,5
API,85,109,106,64,54,91,86,68,74,94,5
API,80,115,124,68,63,66,99,52,94,73,5
API,67,99,147,60,65,68,75,57,65,60,5
API,59,102,136,72,45,94,85,87,74,91,5
API,77,94,119,68,52,70,63,100,88,80,5
API,71,78,119,78,47,89,58,84,87,70,5
API,51,95,113,50,55,98,64,58,77,71,5
API,42,97,90,47,56,95,81,71,80,81,5
API,43,119,118,59,58,73,98,82,60,68,5
API,71,122,79,37,58,79,127,67,62,66,5
API,82,85,96,53,58,62,98,69,84,82,5
API,79,97,97,76,77,69,86,69,71,66,5
API,89,103,98,60,76,88,76,71,77,63,5
API,87,92,106,55,43,98,91,77,100,66,5
API,77,71,103,58,56,89,80,60,65,66,5
API,71,102,102,62,59,92,99,57,90,65,5
API,63,82,91,53,63,220,80,63,74,79,5
API,86,79,102,54,70,93,76,65,70,80,5
API,78,103,94,55,39,82,89,99,87,68,5
API,86,72,94,66,48,89,135,100,81,67,5
API,65,68,95,52,54,89,307,84,64,72,5
API,65,90,144,53,65,67,151,82,66,70,5
API,70,84,100,54,59,56,152,70,73,81,5
API,70,83,101,75,66,60,79,79,67,76,6
API,86,66,90,72,57,36,97,90,71,70,6
API,89,73,116,60,62,45,81,141,77,83,6
API,74,73,86,58,69,58,77,124,69,87,6
API,68,78,86,78,72,73,71,93,68,93,6
API,65,97,97,59,78,73,74,103,71,92,6
API,62,64,110,64,105,89,86,96,63,90,6
API,72,82,105,71,87,86,96,89,51,80,6
API,91,73,112,78,64,91,90,60,53,85,6
API,57,87,116,89,62,81,163,66,58,91,6
API,57,75,140,74,55,120,202,61,61,58,6
API,68,61,174,60,68,89,128,82,71,77,6
API,60,56,164,66,73,76,141,78,95,60,6
API,70,60,149,70,64,76,144,97,98,73,6
API,102,73,144,81,59,70,126,98,90,123,6
API,86,68,126,72,59,68,97,93,81,108,6
API,77,75,94,58,65,73,93,67,98,108,6
API,70,84,89,47,66,67,70,98,80,91,6
API,70,97,101,58,60,65,119,82,62,111,6
API,82,101,97,72,81,70,91,124,68,92,6
API,86,81,136,67,81,57,79,97,74,81,6
API,71,70,129,60,97,53,96,86,92,70,6
API,63,73,102,49,94,61,110,54,136,70,6
API,42,63,87,68,70,73,88,73,107,91,6
API,68,75,119,73,57,54,75,76,104,64,6
API,91,73,95,82,57,69,72,69,98,55,6
API,74,100,127,39,51,64,70,67,92,62,6
API,81,102,137,88,58,52,63,65,73,69,6
API,62,74,142,72,67,69,63,93,60,72,6
API,61,72,130,67,65,60,58,65,59,80,6
API,75,78,134,59,77,61,78,67,55,64,7
API,74,85,141,62,85,49,76,62,58,80,7
API,87,96,123,71,86,72,60,63,68,60,7
API,84,70,129,77,74,66,70,59,66,83,7
API,70,69,103,72,73,80,62,72,71,65,7
API,67,62,100,71,64,61,52,80,81,86,7
API,71,85,104,87,67,75,54,103,72,88,7
API,72,77,100,150,78,69,66,104,71,69,7
API,84,66,87,139,91,75,63,52,69,78,7
API,82,79,120,116,92,75,66,66,70,88,7
API,72,86,141,99,77,68,95,104,58,90,7
API,69,69,115,87,93,91,120,77,62,83,7
API,65,75,83,80,91,85,84,75,60,90,7
API,75,78,100,79,90,83,76,56,122,92,7
API,68,64,116,78,65,77,74,68,114,86,7
API,81,77,121,81,84,69,74,78,86,87,7
API,79,65,127,70,95,61,76,94,116,107,7
API,64,52,101,74,92,85,79,73,88,99,7
API,58,83,85,85,78,52,57,71,83,63,7
API,57,112,84,76,82,52,52,84,47,77,7
API,67,65,77,87,88,49,47,103,70,85,7
API,81,75,78,74,79,61,68,218,84,107,7
API,86,100,74,60,77,88,79,79,74,96,7
API,87,89,71,65,57,77,88,66,59,93,7
API,126,75,76,55,70,157,68,60,94,60,7
API,70,58,93,67,84,98,66,62,89,87,7
API,63,56,100,155,90,80,99,91,63,64,7
API,66,53,98,131,80,57,148,73,60,60,7
API,69,73,111,124,63,66,91,91,66,100,7
API,85,82,113,119,62,91,65,108,67,83,7
API,72,82,87,86,59,63,58,60,70,61,7
API,66,73,69,83,58,71,56,78,62,76,8
API,66,83,92,72,84,75,64,70,69,61,8
API,66,76,129,73,93,65,64,77,121,70,8
API,61,87,86,66,70,72,70,69,89,56,8
API,63,64,76,80,87,83,60,58,72,102,8
API,67,75,52,102,91,92,62,65,73,47,8
API,54,102,73,86,63,78,85,70,79,46,8
API,54,94,75,56,77,65,81,74,66,47,8
API,57,87,63,55,77,80,76,70,50,53,8
API,61,85,72,66,67,68,75,61,79,104,8
API,74,79,60,85,66,77,73,63,93,52,8
API,75,80,65,79,74,67,56,73,77,58,8
API,82,71,59,75,80,60,77,69,80,57,8
API,69,65,55,74,84,89,76,74,66,69,8
API,75,78,52,71,80,79,74,74,69,55,8
API,84,55,64,73,75,83,66,76,85,50,8
API,77,78,58,60,71,51,52,64,97,39,8
API,77,70,46,45,64,53,48,66,70,34,8
API,61,61,79,58,64,70,53,71,53,32,8
API,60,76,79,68,76,95,78,66,36,50,8
API,74,79,69,81,66,93,96,75,55,56,8
API,72,56,52,79,63,83,70,56,42,70,8
API,98,55,64,74,69,65,47,63,39,76,8
API,94,57,66,69,88,68,59,73,58,63,8
API,72,71,56,71,84,68,62,67,53,61,8
API,52,75,77,80,75,69,73,61,57,59,8
API,59,52,86,58,83,56,63,51,59,55,8
API,72,61,72,69,90,63,65,85,56,57,8
API,58,54,39,92,77,62,79,54,60,60,8
API,68,36,60,75,64,51,85,47,65,54,8
API,84,53,52,102,51,52,56,58,82,59,8
API,77,63,44,80,94,59,65,73,110,78,9
API,56,55,72,91,77,68,56,71,76,82,9
API,49,78,79,64,86,58,65,65,67,120,9
API,44,87,77,81,58,68,77,52,73,98,9
API,39,42,96,82,43,72,79,60,81,98,9
API,61,64,82,85,58,68,70,72,102,62,9
API,64,59,52,95,58,64,73,41,94,60,9
API,83,55,44,102,72,68,77,36,43,55,9
API,95,51,40,115,60,63,86,61,58,66,9
API,86,78,73,99,51,63,86,68,57,59,9
API,83,79,71,94,62,64,65,79,67,56,9
API,38,80,51,92,79,67,58,72,66,58,9
API,37,74,59,72,92,64,78,53,88,53,9
API,30,76,59,65,94,75,97,50,73,54,9
API,55,90,24,82,92,86,114,58,90,36,9
API,60,74,44,65,93,82,78,84,69,53,9
API,74,90,44,83,132,96,99,53,52,52,9
API,82,55,31,101,96,84,110,77,73,36,9
API,74,43,54,75,89,57,83,73,50,34,9
API,60,52,34,65,102,40,85,70,98,51,9
API,51,66,45,47,138,49,66,48,98,54,9
API,57,65,56,57,97,77,87,60,23,60,9
API,59,50,55,68,129,139,78,64,35,65,9
API,65,58,55,73,92,121,76,76,60,58,9
API,54,63,59,90,71,135,56,76,72,55,9
API,69,99,54,90,95,95,62,81,58,52,9
API,61,86,69,108,83,212,60,75,61,58,9
API,40,84,70,104,71,41,67,108,71,52,9
API,53,68,69,91,84,45,45,124,70,61,9
API,64,105,58,74,71,42,62,112,90,63,9
API,64,79,28,67,76,58,69,79,80,65,10
API,68,75,31,63,83,41,112,93,81,57,10
API,75,64,35,54,69,70,123,59,54,53,10
API,85,87,47,74,73,60,122,93,61,54,10
API,94,97,56,82,113,88,114,73,43,62,10
API,52,65,51,86,123,56,96,83,71,65,10
API,54,72,55,63,83,54,51,85,74,86,10
API,61,67,68,80,103,39,64,76,58,64,10
API,60,93,95,80,105,54,78,81,82,57,10
API,58,111,89,85,98,50,112,74,70,102,10
API,61,84,85,95,66,45,98,77,75,58,10
API,73,35,68,92,70,59,76,90,49,55,10
API,113,46,72,82,124,72,80,96,59,52,10
API,105,57,53,72,102,58,79,58,72,52,10
API,115,69,59,69,105,54,106,64,64,51,10
API,106,94,84,75,84,62,117,83,63,53,10
API,97,89,103,99,79,61,94,77,78,55,10
API,75,119,102,89,77,57,77,63,63,53,10
API,39,99,101,134,94,73,70,83,75,52,10
API,29,75,92,110,90,54,111,72,75,54,10
API,44,94,78,58,91,76,183,108,81,55,10
API,48,72,67,59,63,87,72,99,97,56,10
API,55,68,77,77,49,100,114,94,95,60,10
API,81,71,63,98,73,89,56,113,100,38,10
API,54,116,83,95,86,82,55,91,65,43,10
API,52,88,50,98,62,80,59,103,40,55,10
API,57,88,59,90,76,81,60,136,44,57,10
API,68,89,68,93,60,56,60,93,67,63,10
API,94,118,87,83,89,57,73,87,63,65,10
API,122,94,85,93,75,58,67,115,62,62,10
API,99,81,66,82,78,74,106,84,75,59,10
API,71,80,57,71,139,71,88,54,80,55,11
API,76,80,64,72,111,57,74,40,61,83,11
API,65,85,79,110,94,84,93,36,72,110,11
API,81,85,62,118,78,80,76,53,93,68,11
API,97,108,53,140,82,82,76,88,87,61,11
API,146,91,51,144,71,77,112,77,76,55,11
API,122,39,58,106,75,81,120,74,82,72,11
API,68,34,91,111,98,122,93,118,52,75,11
API,60,51,161,112,113,223,58,117,51,79,11
API,84,75,105,106,104,80,62,59,93,73,11
API,146,75,62,136,92,71,84,54,307,76,11
API,324,80,72,148,83,96,76,51,86,73,11
API,93,88,88,86,110,90,97,67,98,71,11
API,110,90,77,52,72,167,91,129,65,76,11
API,123,123,80,80,73,80,141,99,62,77,11
API,97,78,63,92,134,71,186,61,58,86,11
API,69,91,68,91,92,76,111,93,83,73,11
API,53,112,67,96,150,68,80,97,74,61,11
API,79,114,65,118,137,80,74,131,76,64,11
API,102,85,66,141,97,81,85,149,68,80,11
API,110,77,55,175,67,90,81,141,67,82,11
API,117,57,61,135,103,110,87,99,96,84,11
API,91,80,55,85,51,218,107,138,66,80,11
API,164,95,65,87,54,184,121,164,62,71,11
API,157,112,25,87,76,130,209,320,80,90,11
API,84,69,23,101,56,73,91,152,102,222,11
API,91,53,47,94,49,69,71,91,125,127,11
API,104,71,56,113,107,83,68,77,92,131,11
API,131,104,73,85,87,100,67,73,89,75,11
API,138,128,72,85,88,90,86,72,155,50,11
API,142,117,78,91,158,82,70,139,171,78,12
API,155,140,87,77,86,87,83,161,107,91,12
API,170,171,94,86,64,97,163,91,100,100,12
API,125,134,75,58,83,110,113,77,89,176,12
API,91,88,44,62,100,96,96,90,91,226,12
API,46,80,61,72,236,106,60,85,78,134,12
API,48,58,111,89,92,93,75,99,67,66,12
API,41,68,65,110,61,129,73,95,80,50,12
API,60,96,70,119,61,169,100,148,87,52,12
API,77,113,97,139,77,174,148,131,135,76,12
API,111,89,93,74,67,82,255,86,93,78,12
API,126,98,72,102,79,89,73,83,65,77,12
API,132,129,105,103,97,113,151,92,74,83,12
API,133,142,102,102,100,84,98,95,55,78,12
API,154,143,107,102,89,103,85,96,60,71,12
API,84,166,63,106,82,86,79,79,90,67,12
API,82,173,68,84,61,105,70,91,107,64,12
API,101,169,79,65,149,60,101,75,90,84,12
API,117,97,91,89,87,101,102,91,111,100,12
API,165,112,55,138,160,117,102,98,121,112,12
API,110,108,58,88,97,304,102,98,133,163,12
API,86,86,53,75,100,298,104,97,153,86,12
API,93,129,39,90,148,177,77,148,215,76,12
API,85,168,52,83,153,58,101,144,68,98,12
API,83,158,80,83,163,110,102,136,60,79,12
API,108,94,86,93,200,107,106,109,70,95,12
API,146,107,88,118,90,138,104,81,85,98,12
API,108,95,58,115,60,95,106,85,105,79,12
API,187,132,56,84,87,61,105,90,72,88,12
API,213,123,60,262,83,54,102,99,113,78,12
API,145,109,56,109,92,58,102,96,82,95,12
NO2,25.625,50,48.75,11.875,16.875,23.75,11.875,20.625,34.375,10,1
NO2,31.25,34.375,46.25,11.875,18.75,22.5,15.625,23.125,33.125,12.5,1
NO2,24.375,24.375,53.75,13.125,25.625,26.875,17.5,31.25,35,14.375,1
NO2,33.125,20.625,87.5,13.75,26.25,25,27.5,31.25,30.625,15.625,1
NO2,36.875,23.75,104.375,16.25,11.25,34.375,19.375,28.75,22.5,17.5,1
NO2,36.25,25,108.125,15,15.625,18.75,26.25,26.875,41.25,11.25,1
NO2,18.125,26.875,88.75,18.125,18.125,19.375,31.875,28.75,57.5,12.5,1
NO2,25.625,34.375,28.125,16.25,18.125,18.125,33.75,35,65,13.75,1
NO2,29.375,30,35.625,16.875,17.5,20.625,35,20.625,38.125,11.875,1
NO2,28.125,48.75,45.625,16.875,36.875,22.5,21.25,17.5,33.75,11.25,1
NO2,35.625,47.5,31.875,20,30,20.625,22.5,16.25,32.5,13.75,1
NO2,44.375,23.75,30.625,19.375,28.75,20.625,21.25,17.5,36.875,13.125,1
NO2,28.125,24.375,38.125,23.75,20,26.25,16.875,22.5,33.75,13.125,1
NO2,22.5,20.625,37.5,28.75,23.75,22.5,18.125,21.25,29.375,18.125,1
NO2,15,18.125,47.5,21.875,30,24.375,23.75,18.125,32.5,11.25,1
NO2,11.25,16.875,26.25,21.875,28.75,28.125,22.5,26.25,68.75,11.875,1
NO2,20.625,30,28.125,16.875,23.75,30,23.125,33.75,34.375,16.875,1
NO2,25.625,31.25,31.25,18.75,11.875,30.625,25,32.5,35.625,16.875,1
NO2,23.75,41.25,38.125,18.125,13.75,25.625,26.875,20.625,43.125,21.875,1
NO2,28.125,48.75,43.125,19.375,18.125,25.625,21.875,18.125,36.875,23.125,1
NO2,15.625,38.125,15.625,20,21.25,27.5,17.5,22.5,26.25,18.125,1
NO2,16.25,48.75,28.125,18.125,23.75,24.375,20,15.625,45,21.875,1
NO2,20.625,29.375,23.125,18.125,26.875,23.125,20.625,8.75,42.5,18.125,1
NO2,28.125,36.25,18.125,18.125,15.625,28.75,19.375,12.5,31.25,13.125,1
NO2,35.625,48.125,31.25,15.625,18.75,31.25,21.25,13.125,37.5,16.875,1
NO2,32.5,33.125,35.625,14.375,21.25,21.25,20.625,15,43.125,15,1
NO2,23.75,20.625,33.75,24.375,22.5,18.125,23.75,13.75,40.625,20.625,1
NO2,23.75,16.875,33.125,18.125,27.5,16.875,21.25,10,38.75,15,1
NO2,26.25,23.125,41.875,11.25,19.375,13.125,21.25,20.625,31.25,13.125,1
NO2,29.375,31.25,46.875,11.25,11.25,15.625,20,20,42.5,11.875,1
NO2,27.5,34.375,63.75,15,12.5,18.75,21.25,26.25,48.125,14.375,1
NO2,29.375,28.125,66.25,8.75,18.75,15,22.5,29.375,35.625,12.5,2
NO2,37.5,36.25,28.75,13.125,15,20.625,25,106.875,38.125,13.125,2
NO2,26.25,30.625,36.875,15.625,8.125,13.125,25,22.5,41.25,16.25,2
NO2,23.125,45,33.125,15.625,10.625,21.875,21.875,26.25,39.375,14.375,2
NO2,30,21.25,26.875,11.875,14.375,22.5,23.125,20,36.875,15,2
NO2,21.25,21.25,28.75,10,11.875,28.75,20,27.5,36.25,12.5,2
NO2,33.75,16.25,33.75,11.25,11.875,27.5,21.25,26.875,38.125,16.25,2
NO2,15.625,23.125,36.875,11.875,11.25,25.625,20.625,30.625,35,18.125,2
NO2,16.25,30.625,37.5,15,10.625,18.75,18.125,20.625,40,10.625,2
NO2,18.75,11.25,30.625,9.375,10.625,17.5,20,20,36.25,13.125,2
NO2,19.375,13.75,68.75,10.625,18.125,17.5,20,27.5,23.75,11.875,2
NO2,18.75,18.75,60,13.75,19.375,16.875,16.875,26.875,32.5,8.75,2
NO2,16.875,25,38.75,11.25,8.125,26.25,18.125,22.5,43.125,15,2
NO2,19.375,41.25,27.5,11.25,13.75,12.5,20.625,18.125,22.5,11.875,2
NO2,20.625,43.75,35,10.625,21.25,15,21.875,14.375,26.25,12.5,2
NO2,10,37.5,38.125,6.875,15.625,16.25,23.125,16.875,18.75,11.25,2
NO2,19.375,35,72.5,8.75,10.625,19.375,22.5,21.25,20.625,13.75,2
NO2,15.625,40.625,34.375,6.875,10,16.25,21.875,20,20,16.875,2
NO2,18.75,41.25,63.75,6.25,8.75,18.75,19.375,18.75,18.125,16.875,2
NO2,13.75,29.375,67.5,8.125,8.125,9.375,23.125,15,17.5,18.75,2
NO2,15,22.5,37.5,10,8.125,10,21.875,13.125,20,25,2
NO2,24.375,15.625,21.875,7.5,9.375,11.875,18.125,21.875,22.5,22.5,2
NO2,23.125,22.5,33.125,11.875,11.875,35.625,20,23.125,43.75,14.375,2
NO2,25,31.25,25.625,11.25,12.5,10,19.375,25.625,23.75,16.25,2
NO2,25,37.5,30.625,6.875,16.875,12.5,20.625,20,22.5,17.5,2
NO2,31.25,30.625,35.625,8.125,15.625,10.625,21.25,19.375,23.75,18.75,2
NO2,32.5,26.875,32.5,9.375,19.375,15.625,19.375,22.5,23.125,11.875,2
NO2,26.875,32.5,25.625,13.125,18.125,21.875,20,21.875,25.625,9.375,2
NO2,23.75,32.5,31.25,13.125,16.875,20,18.125,26.25,22.5,13.125,3
NO2,18.75,39.375,31.25,9.375,17.5,13.125,19.375,21.875,18.75,14.375,3
NO2,13.125,18.75,36.25,8.75,13.125,16.25,18.75,18.75,19.375,13.75,3
NO2,27.5,23.75,28.125,6.875,8.125,11.25,20,14.375,36.875,10.625,3
NO2,24.375,28.125,32.5,8.75,12.5,7.5,20.625,18.125,20.625,11.875,3
NO2,30,21.25,27.5,6.875,15,8.75,20,16.25,33.75,16.875,3
NO2,28.75,26.25,34.375,8.75,16.875,9.375,19.375,14.375,25,14.375,3
NO2,26.875,38.125,28.125,12.5,25.625,12.5,20,13.75,23.125,15.625,3
NO2,15,37.5,30.625,13.125,15,8.125,21.25,25.625,17.5,11.875,3
NO2,20,23.75,22.5,16.875,10,10,23.125,25.625,16.875,8.125,3
NO2,30.625,15.625,33.125,6.25,14.375,11.875,18.75,24.375,25.625,11.875,3
NO2,29.375,22.5,24.375,7.5,6.25,13.125,21.25,26.25,28.75,10,3
NO2,51.25,26.25,24.375,8.75,8.125,15.625,22.5,16.875,29.375,10,3
NO2,33.125,35,35,8.125,11.875,25.625,18.125,14.375,30,11.25,3
NO2,30.625,35,25,9.375,9.375,23.75,16.25,11.875,20,8.75,3
NO2,22.5,33.75,33.75,17.5,11.875,22.5,18.125,23.75,17.5,10.625,3
NO2,32.5,31.25,26.25,15,9.375,18.75,16.875,12.5,23.125,9.375,3
NO2,25.625,48.125,26.25,9.375,11.875,17.5,16.875,15.625,17.5,8.125,3
NO2,16.875,45.625,31.875,10.625,10.625,15.625,18.75,16.875,23.75,13.125,3
NO2,24.375,20.625,34.375,12.5,7.5,13.75,21.25,22.5,35,11.25,3
NO2,26.875,25.625,46.25,17.5,20.625,9.375,16.25,26.875,24.375,13.75,3
NO2,18.125,36.25,28.75,13.125,17.5,13.75,8.75,20,26.25,10.625,3
NO2,19.375,36.875,25,14.375,14.375,14.375,10,18.125,23.75,9.375,3
NO2,18.75,37.5,31.875,4.375,11.875,15.625,9.375,15,24.375,8.125,3
NO2,13.75,31.875,36.25,6.875,15.625,15,11.875,13.75,21.875,7.5,3
NO2,10.625,20.625,38.75,6.875,13.75,13.125,12.5,12.5,18.125,13.75,3
NO2,18.125,28.125,22.5,10,18.125,19.375,10,22.5,23.125,13.75,3
NO2,16.25,28.75,19.375,10,9.375,16.875,10.625,17.5,23.125,11.875,3
NO2,23.75,18.125,35,10,10,13.125,11.25,18.75,30,13.125,3
NO2,16.25,43.75,26.25,10,21.25,16.25,11.25,18.75,16.875,11.875,3
NO2,15.625,39.375,23.125,9.375,19.375,19.375,14.375,21.25,18.75,12.5,3
NO2,11.25,22.5,23.125,15.625,14.375,18.125,12.5,14.375,23.75,16.25,4
NO2,28.75,20.625,30.625,15.625,9.375,11.25,12.5,14.375,13.125,10,4
NO2,23.125,21.25,19.375,13.75,11.25,13.75,10,16.25,22.5,12.5,4
NO2,25,24.375,26.875,6.875,11.875,11.875,5,15.625,21.875,14.375,4
NO2,19.375,37.5,16.875,6.25,11.25,10.625,5,23.125,20,15,4
NO2,10.625,27.5,33.125,6.25,13.75,11.25,3.75,18.125,18.125,8.125,4
NO2,12.5,27.5,28.125,8.75,10.625,15,7.5,15,13.125,10,4
NO2,12.5,29.375,25.625,12.5,17.5,13.75,7.5,13.75,8.125,17.5,4
NO2,18.75,29.375,24.375,8.75,13.125,12.5,5.625,17.5,10,8.75,4
NO2,21.25,26.875,21.875,11.875,16.25,15,6.25,11.875,14.375,8.125,4
NO2,23.75,32.5,44.375,13.125,22.5,21.875,8.75,16.875,18.125,12.5,4
NO2,13.75,20,47.5,9.375,6.25,11.25,6.25,18.125,16.25,8.125,4
NO2,13.125,38.125,31.875,10.625,6.25,11.875,7.5,17.5,9.375,8.75,4
NO2,8.125,21.25,33.75,7.5,9.375,14.375,5,25.625,10,8.125,4
NO2,20,15.625,23.125,13.125,6.25,10.625,4.375,14.375,9.375,11.875,4
NO2,14.375,16.25,21.25,9.375,8.75,14.375,6.25,19.375,7.5,12.5,4
NO2,12.5,27.5,25,6.875,5,14.375,8.125,24.375,16.875,7.5,4
NO2,17.5,20.625,34.375,16.875,7.5,7.5,6.25,13.75,16.875,5.625,4
NO2,11.25,25,30,9.375,6.875,6.25,7.5,20,16.25,11.25,4
NO2,12.5,28.125,34.375,8.75,8.75,10,7.5,11.875,16.25,6.875,4
NO2,11.25,21.25,31.875,6.875,11.875,15,8.125,15,18.125,8.125,4
NO2,16.25,16.25,21.25,8.125,10,15,4.375,16.875,15,9.375,4
NO2,9.375,30,29.375,13.75,6.875,15,4.375,23.125,13.125,10,4
NO2,10.625,45,43.125,7.5,8.125,12.5,6.25,13.75,15,11.25,4
NO2,20.625,28.75,31.875,13.75,12.5,12.5,6.25,15,9.375,7.5,4
NO2,17.5,15.625,33.75,10,10.625,14.375,8.125,17.5,10,12.5,4
NO2,25,34.375,21.25,9.375,10.625,18.125,10,15.625,8.125,9.375,4
NO2,17.5,20.625,28.125,10.625,13.75,22.5,10,18.75,8.75,9.375,4
NO2,16.25,20.625,21.25,16.25,10,10.625,6.25,23.125,9.375,6.875,4
NO2,18.75,20.625,26.25,13.75,8.75,8.125,6.25,13.75,13.75,9.375,4
NO2,25.625,16.875,31.25,8.75,10.625,10,4.375,13.75,11.25,8.125,5
NO2,22.5,15.625,45.625,10.625,16.25,7.5,5.625,18.125,8.125,10,5
NO2,31.875,30,20,5.625,12.5,10.625,6.25,15.625,8.125,9.375,5
NO2,37.5,30,35.625,11.875,7.5,10.625,5,14.375,10,9.375,5
NO2,28.125,24.375,26.875,9.375,5,8.75,6.25,10,8.75,5.625,5
NO2,19.375,27.5,43.125,7.5,5,11.25,3.75,10.625,10.625,7.5,5
NO2,14.375,21.25,42.5,6.25,14.375,7.5,3.75,11.875,8.75,16.25,5
NO2,21.25,25,32.5,10,8.75,10.625,5,13.125,11.875,12.5,5
NO2,26.875,37.5,41.25,10.625,7.5,11.25,8.125,11.25,11.875,11.25,5
NO2,21.875,28.75,46.25,11.25,6.25,9.375,5,12.5,11.875,11.25,5
NO2,15,20,43.125,8.125,11.25,8.75,7.5,13.125,10,10.625,5
NO2,12.5,31.875,40.625,14.375,6.875,8.75,5,15.625,14.375,10.625,5
NO2,28.75,28.75,35.625,12.5,6.25,6.875,5.625,23.125,16.25,9.375,5
NO2,28.125,23.125,43.75,14.375,6.25,8.75,6.25,16.25,15,10,5
NO2,11.25,23.75,31.875,7.5,5.625,13.125,6.875,14.375,13.125,8.75,5
NO2,8.75,28.125,41.25,6.25,5,4.375,7.5,17.5,12.5,16.25,5
NO2,8.75,33.75,28.125,9.375,4.375,7.5,11.875,15,13.75,8.75,5
NO2,22.5,40,36.25,9.375,5.625,6.875,8.75,11.875,10.625,7.5,5
NO2,29.375,27.5,30,10,5.625,8.125,10,11.875,10,10.625,5
NO2,27.5,39.375,25,16.25,10,6.875,5.625,12.5,8.75,13.75,5
NO2,32.5,33.75,33.75,10.625,6.25,9.375,6.25,15,10.625,10,5
NO2,33.125,18.75,40,10.625,6.25,16.25,5,15.625,17.5,9.375,5
NO2,33.125,5.625,33.75,13.75,6.875,7.5,7.5,11.875,11.25,6.875,5
NO2,28.75,28.125,29.375,13.75,6.875,6.875,4.375,13.75,9.375,6.25,5
NO2,21.875,26.25,25,7.5,9.375,8.125,4.375,15,13.125,12.5,5
NO2,30,18.75,21.25,9.375,9.375,8.125,4.375,14.375,15,11.25,5
NO2,26.875,32.5,28.75,9.375,7.5,8.125,4.375,21.875,16.25,6.875,5
NO2,31.875,18.75,37.5,11.875,9.375,11.875,8.125,22.5,12.5,8.75,5
NO2,12.5,19.375,44.375,8.125,11.875,11.875,5,17.5,8.125,5.625,5
NO2,16.875,31.25,27.5,5.625,13.125,10,5.625,15.625,7.5,6.25,5
NO2,24.375,23.75,31.875,7.5,6.25,11.25,5,15,11.25,8.75,5
NO2,23.125,16.25,26.25,8.125,8.75,8.125,4.375,15,12.5,9.375,6
NO2,33.125,11.25,44.375,10,5.625,4.375,5,13.125,10.625,10,6
NO2,23.75,13.125,35,12.5,8.125,5.625,6.25,45.625,10.625,6.25,6
NO2,18.75,14.375,39.375,11.875,9.375,6.25,5,47.5,10.625,15.625,6
NO2,23.125,12.5,44.375,15.625,8.125,6.875,6.875,20.625,8.125,18.125,6
NO2,21.25,15.625,49.375,7.5,6.875,7.5,7.5,10,11.25,8.75,6
NO2,23.75,12.5,39.375,8.75,6.25,7.5,10,10.625,11.25,7.5,6
NO2,25.625,13.75,46.25,8.75,10,8.75,5,8.125,9.375,7.5,6
NO2,26.25,7.5,28.75,11.875,7.5,11.875,8.75,6.25,8.75,11.875,6
NO2,13.125,9.375,40,8.75,6.875,9.375,10.625,6.875,10,13.125,6
NO2,19.375,13.125,48.125,8.75,6.875,8.75,8.75,6.875,10.625,6.25,6
NO2,23.125,8.75,49.375,6.875,6.875,8.125,8.75,9.375,12.5,8.125,6
NO2,15.625,8.75,49.375,10.625,7.5,8.75,8.125,10,13.75,9.375,6
NO2,18.75,11.25,43.125,11.25,7.5,9.375,10.625,11.25,10,8.125,6
NO2,21.875,11.875,36.875,11.25,7.5,9.375,14.375,10.625,8.125,9.375,6
NO2,21.25,12.5,28.75,16.875,6.25,6.25,10.625,11.875,6.25,8.125,6
NO2,17.5,14.375,18.75,7.5,9.375,8.125,9.375,5.625,6.875,10,6
NO2,15.625,13.75,20,8.125,13.125,6.875,6.875,8.125,7.5,11.875,6
NO2,16.25,18.75,32.5,8.75,6.25,10,4.375,5.625,7.5,13.125,6
NO2,17.5,14.375,36.875,8.75,7.5,7.5,5,8.125,12.5,8.75,6
NO2,20.625,16.25,41.875,11.25,6.25,7.5,6.25,5.625,9.375,6.25,6
NO2,15,10,38.125,10.625,6.875,8.125,5.625,6.875,10.625,6.875,6
NO2,16.25,8.125,30,10.625,5,8.125,5,6.875,15.625,6.25,6
NO2,10,11.25,36.875,9.375,3.75,8.75,6.25,6.25,16.25,10.625,6
NO2,18.75,16.25,25.625,10,4.375,9.375,3.75,6.875,23.125,8.75,6
NO2,26.875,16.25,31.875,6.875,4.375,7.5,6.875,6.25,21.25,6.25,6
NO2,18.75,18.125,36.25,6.25,3.125,6.25,3.75,5.625,12.5,8.75,6
NO2,22.5,11.875,32.5,6.875,6.25,6.25,3.75,6.875,7.5,5.625,6
NO2,14.375,11.875,27.5,5,5.625,8.125,3.125,6.25,7.5,9.375,6
NO2,9.375,15,26.25,7.5,5,7.5,3.75,7.5,8.125,5.625,6
NO2,13.75,14.375,25,5,6.25,5.625,3.75,8.125,8.75,5,7
NO2,13.75,16.875,31.25,4.375,8.125,6.875,4.375,8.125,7.5,8.75,7
NO2,16.25,11.875,29.375,8.75,7.5,8.125,3.75,8.75,14.375,8.125,7
NO2,23.125,8.125,22.5,8.125,6.875,6.875,4.375,6.25,11.875,11.875,7
NO2,13.75,11.875,25.625,8.75,11.25,6.875,3.75,5.625,11.25,8.75,7
NO2,11.25,9.375,27.5,5.625,7.5,6.875,3.75,5.625,11.875,9.375,7
NO2,15.625,8.75,30,10,8.75,6.25,4.375,8.125,11.25,9.375,7
NO2,18.125,10,21.875,16.25,11.25,6.25,5,7.5,8.125,8.125,7
NO2,21.25,11.25,25.625,11.875,10,6.25,6.875,5,11.25,13.125,7
NO2,18.75,15,28.125,7.5,10,6.25,7.5,6.25,9.375,10,7
NO2,10,13.125,20.625,12.5,7.5,7.5,8.125,5.625,11.25,9.375,7
NO2,10,9.375,14.375,8.75,9.375,9.375,5.625,7.5,7.5,8.75,7
NO2,8.75,8.75,21.25,10,9.375,7.5,6.25,5.625,8.125,11.875,7
NO2,16.25,10.625,26.25,5,5.625,8.125,7.5,5,11.875,10,7
NO2,18.75,11.25,25,10,6.875,6.25,4.375,6.875,12.5,6.875,7
NO2,22.5,11.25,21.25,12.5,8.125,5,6.25,5.625,10,6.875,7
NO2,20.625,12.5,16.875,10.625,8.75,5.625,5.625,5.625,13.125,11.25,7
NO2,10.625,7.5,15.625,10.625,7.5,5,5,5,10.625,11.875,7
NO2,8.125,15.625,14.375,11.875,7.5,5,5.625,6.875,10,6.875,7
NO2,8.75,13.75,12.5,13.75,10,6.875,4.375,5,6.875,9.375,7
NO2,9.375,12.5,16.25,8.75,10,6.25,6.25,6.25,9.375,8.125,7
NO2,11.875,11.875,13.125,10,11.875,7.5,7.5,6.875,8.125,8.125,7
NO2,11.25,12.5,12.5,6.25,11.875,9.375,6.875,5.625,8.75,6.875,7
NO2,13.75,11.875,11.25,10,6.875,9.375,5.625,5,10.625,5.625,7
NO2,19.375,13.75,14.375,5.625,7.5,8.75,6.875,5,10.625,4.375,7
NO2,11.25,8.125,16.25,16.875,11.25,6.875,7.5,5,10,7.5,7
NO2,9.375,8.125,13.125,15.625,11.875,5,8.125,8.125,7.5,5.625,7
NO2,7.5,8.75,16.875,20,10,8.125,5.625,6.875,8.125,6.25,7
NO2,10.625,11.25,18.125,14.375,8.125,7.5,5,6.875,6.875,9.375,7
NO2,20,15,13.125,16.875,6.25,9.375,5.625,5.625,6.875,6.875,7
NO2,14.375,8.75,10.625,11.25,6.25,5.625,3.75,8.125,6.875,6.875,7
NO2,14.375,11.875,10,13.75,8.125,5.625,4.375,7.5,7.5,8.125,8
NO2,15,8.75,13.125,9.375,10.625,6.875,3.75,6.25,13.75,10,8
NO2,13.75,13.125,12.5,13.125,11.875,7.5,6.875,8.75,18.125,9.375,8
NO2,14.375,15.625,9.375,15,8.125,7.5,5.625,8.75,8.75,12.5,8
NO2,12.5,11.875,6.25,17.5,8.75,7.5,5,6.875,8.125,21.25,8
NO2,15.625,13.125,12.5,16.25,8.75,7.5,6.25,8.75,15.625,33.125,8
NO2,12.5,14.375,8.125,15,9.375,6.875,5,8.125,13.125,25,8
NO2,13.125,17.5,7.5,8.75,10,6.25,5.625,8.75,8.125,26.875,8
NO2,13.125,18.125,8.125,8.75,9.375,6.25,3.75,7.5,6.875,25.625,8
NO2,16.875,15.625,11.875,6.875,6.25,5.625,5,8.125,14.375,50,8
NO2,19.375,15,8.75,7.5,6.875,8.75,4.375,6.25,13.125,26.875,8
NO2,21.875,21.875,8.125,6.875,10.625,7.5,6.25,6.875,10.625,26.875,8
NO2,25,16.25,6.875,10,8.125,6.875,6.875,6.25,11.25,22.5,8
NO2,16.25,13.125,6.25,18.125,11.25,10,6.875,5.625,9.375,20,8
NO2,22.5,13.75,8.125,18.75,10.625,9.375,5.625,6.25,13.75,25,8
NO2,27.5,13.125,8.75,13.75,11.25,10,5,6.25,16.25,23.125,8
NO2,25.625,16.25,11.25,13.125,11.875,7.5,4.375,8.125,13.125,23.75,8
NO2,27.5,11.875,15.625,9.375,14.375,6.875,3.75,6.875,10.625,20.625,8
NO2,13.75,15,15,19.375,19.375,6.875,5,6.875,6.875,19.375,8
NO2,15.625,11.25,18.125,22.5,15,9.375,5.625,6.875,10,16.25,8
NO2,26.875,11.875,11.25,26.875,13.75,6.875,5,10.625,12.5,14.375,8
NO2,18.75,7.5,10,26.875,18.125,5,5,10,7.5,16.25,8
NO2,26.875,8.125,11.875,23.125,16.25,7.5,4.375,10,8.75,21.25,8
NO2,21.25,8.125,13.75,13.75,15.625,6.875,5,9.375,14.375,21.875,8
NO2,28.75,10.625,11.25,23.125,16.875,7.5,6.25,7.5,15,31.875,8
NO2,19.375,13.75,16.25,22.5,13.125,5.625,6.25,6.25,12.5,35,8
NO2,18.75,11.875,12.5,11.25,11.25,4.375,5.625,6.875,8.125,33.75,8
NO2,28.125,13.125,9.375,15.625,16.25,5.625,6.25,9.375,10.625,35.625,8
NO2,17.5,11.25,15,23.75,13.125,6.875,7.5,6.875,12.5,35,8
NO2,21.25,12.5,16.875,23.75,11.25,6.25,5,7.5,10.625,33.125,8
NO2,25.625,14.375,10,30.625,11.25,6.875,6.25,8.125,16.25,31.25,8
NO2,25,13.75,15.625,20,19.375,8.125,6.875,8.125,17.5,20.625,9
NO2,15,13.125,15.625,20,17.5,7.5,9.375,8.75,11.25,35,9
NO2,11.875,18.75,19.375,20.625,15,6.25,8.125,8.75,11.875,38.75,9
NO2,11.875,21.25,16.875,28.75,6.25,8.125,8.125,6.875,12.5,28.125,9
NO2,10.625,11.25,23.125,27.5,9.375,8.75,5.625,6.875,15.625,32.5,9
NO2,19.375,15.625,21.25,31.25,11.25,8.75,7.5,7.5,16.25,31.875,9
NO2,20.625,17.5,11.875,28.125,8.75,11.875,7.5,5.625,14.375,33.75,9
NO2,31.25,14.375,13.75,16.25,13.125,14.375,8.75,6.875,9.375,32.5,9
NO2,33.75,9.375,11.25,18.125,10.625,11.25,8.125,9.375,11.875,35.625,9
NO2,29.375,17.5,23.125,11.875,10,9.375,5.625,11.25,14.375,31.875,9
NO2,27.5,17.5,23.125,13.125,9.375,11.25,7.5,10.625,15,30.625,9
NO2,8.75,18.75,10,13.75,16.25,11.875,11.25,8.125,15,32.5,9
NO2,16.25,16.875,12.5,11.25,20.625,11.875,13.125,9.375,15.625,29.375,9
NO2,16.25,20.625,11.25,10,19.375,13.125,11.25,7.5,13.125,33.125,9
NO2,23.125,18.75,3.75,16.25,18.125,13.75,7.5,8.125,13.125,28.75,9
NO2,23.125,15.625,5,10.625,16.875,11.875,10.625,9.375,10.625,31.875,9
NO2,32.5,16.25,4.375,13.125,18.125,13.125,10,6.25,6.875,8.75,9
NO2,33.75,10,3.125,18.75,13.75,13.125,10,10,11.25,26.875,9
NO2,32.5,8.125,8.125,10.625,18.125,8.75,8.75,11.875,8.75,24.375,9
NO2,15,11.25,5,12.5,13.75,6.25,6.875,10,12.5,31.25,9
NO2,12.5,15,5,9.375,15,10,8.125,7.5,16.25,32.5,9
NO2,19.375,13.75,5.625,9.375,14.375,15.625,8.125,8.75,8.125,32.5,9
NO2,24.375,8.125,5.625,14.375,16.25,11.25,6.875,6.875,11.25,34.375,9
NO2,27.5,11.25,5,14.375,12.5,10.625,6.875,9.375,17.5,33.125,9
NO2,16.25,14.375,7.5,20.625,13.125,10.625,8.125,9.375,16.875,33.125,9
NO2,26.25,30.625,5,15.625,18.125,11.25,7.5,11.25,13.125,32.5,9
NO2,21.25,26.25,6.875,21.25,11.25,10,8.75,10,12.5,34.375,9
NO2,19.375,16.875,8.75,15.625,15,7.5,7.5,13.125,14.375,31.875,9
NO2,23.125,21.875,6.875,13.75,16.25,10,7.5,13.125,15,35,9
NO2,28.75,37.5,7.5,9.375,12.5,8.125,8.125,10,16.875,33.75,9
NO2,18.75,30,4.375,8.75,16.25,11.875,13.75,7.5,13.125,33.125,10
NO2,20,26.875,3.75,10,15,7.5,10.625,10.625,11.875,30.625,10
NO2,16.25,28.125,4.375,10,10.625,8.125,10.625,8.125,13.75,31.875,10
NO2,30,36.25,5,13.125,13.75,8.125,10.625,11.25,13.125,31.25,10
NO2,33.75,35,6.875,15.625,19.375,10.625,9.375,9.375,12.5,35,10
NO2,14.375,21.875,6.25,14.375,19.375,6.875,6.25,14.375,11.25,33.75,10
NO2,20.625,25,6.25,11.25,13.125,6.25,9.375,11.875,11.875,35.625,10
NO2,25.625,24.375,9.375,12.5,15,8.125,9.375,11.875,13.75,36.25,10
NO2,25,38.125,16.25,15,15,11.875,10.625,13.125,20.625,35,10
NO2,23.75,42.5,14.375,16.25,10.625,10,10,10.625,13.125,72.5,10
NO2,20,33.125,12.5,22.5,10,10.625,10.625,12.5,11.25,39.375,10
NO2,17.5,9.375,7.5,23.125,15.625,13.75,10.625,12.5,11.875,37.5,10
NO2,20.625,11.25,9.375,16.25,16.875,18.125,8.75,9.375,14.375,33.125,10
NO2,24.375,20.625,5.625,16.25,10.625,16.25,16.875,9.375,17.5,32.5,10
NO2,28.75,31.875,7.5,14.375,10.625,13.75,25,8.125,15,30.625,10
NO2,25,43.75,13.125,14.375,11.25,15.625,11.875,8.75,12.5,32.5,10
NO2,28.125,41.875,13.75,16.875,13.125,15,14.375,9.375,16.875,35,10
NO2,18.125,51.25,11.25,16.25,11.875,8.75,11.25,8.75,13.125,35.625,10
NO2,6.875,37.5,11.25,25.625,15,13.125,35.625,6.875,11.25,33.75,10
NO2,9.375,22.5,13.125,21.25,11.875,15.625,27.5,8.125,13.75,32.5,10
NO2,11.875,31.875,11.875,9.375,13.75,21.25,32.5,14.375,18.125,33.75,10
NO2,11.875,26.875,8.125,11.25,9.375,22.5,25,11.875,21.25,35.625,10
NO2,13.125,29.375,11.25,23.125,8.125,25,29.375,13.75,21.875,40.625,10
NO2,18.125,25.625,9.375,13.125,15,21.875,30,8.75,23.125,30.625,10
NO2,11.25,58.75,10,30,16.875,17.5,8.125,8.75,10.625,34.375,10
NO2,13.75,34.375,3.75,18.125,10.625,32.5,31.25,8.75,11.25,35.625,10
NO2,15.625,23.75,6.875,15,12.5,27.5,28.75,16.25,10.625,40.625,10
NO2,14.375,31.25,10.625,11.875,7.5,21.875,22.5,11.875,15,42.5,10
NO2,23.75,55,15,12.5,15.625,21.25,29.375,10,16.25,40.625,10
NO2,31.875,35,15,13.75,11.875,22.5,20,16.25,17.5,44.375,10
NO2,23.125,34.375,11.25,13.125,8.75,23.125,10.625,10,18.75,47.5,10
NO2,16.25,28.75,8.125,8.125,18.75,25,15.625,8.75,11.25,38.75,11
NO2,21.875,23.75,9.375,13.125,18.125,22.5,11.25,5.625,13.75,47.5,11
NO2,13.75,23.75,13.75,20.625,16.875,28.75,18.75,6.875,13.75,46.25,11
NO2,22.5,31.875,11.25,25,13.75,35,21.25,7.5,15,44.375,11
NO2,33.75,45,7.5,27.5,11.25,30.625,18.75,13.75,13.75,41.875,11
NO2,45,30.625,8.125,15.625,10,32.5,26.875,10,14.375,36.25,11
NO2,28.75,10.625,6.25,11.25,12.5,30,23.75,10.625,11.875,40.625,11
NO2,19.375,15.625,11.875,20.625,13.125,28.75,16.25,49.375,9.375,48.75,11
NO2,17.5,25.625,17.5,29.375,19.375,28.125,11.25,50,13.125,44.375,11
NO2,16.25,35.625,11.875,15,18.125,26.25,21.25,26.875,19.375,45.625,11
NO2,25,34.375,9.375,21.25,10,31.875,15.625,26.25,15.625,46.875,11
NO2,26.875,35.625,20.625,31.875,13.125,31.25,23.75,30.625,11.875,47.5,11
NO2,19.375,38.75,25,12.5,15.625,31.25,23.75,40.625,10.625,46.875,11
NO2,33.75,42.5,19.375,12.5,13.125,38.75,41.875,48.125,13.125,47.5,11
NO2,33.75,51.25,16.25,16.25,11.875,29.375,29.375,31.875,13.75,48.125,11
NO2,24.375,33.125,9.375,23.75,21.25,23.125,39.375,35.625,11.875,46.25,11
NO2,11.875,38.125,10,20,16.25,28.125,18.125,24.375,18.125,45,11
NO2,13.125,48.75,11.25,19.375,22.5,25,18.125,30.625,14.375,37.5,11
NO2,23.75,44.375,9.375,31.875,15.625,23.75,17.5,20.625,11.875,41.875,11
NO2,31.875,23.125,11.25,24.375,14.375,25.625,14.375,15.625,12.5,45.625,11
NO2,32.5,23.75,7.5,25,10.625,29.375,21.25,15.625,14.375,41.25,11
NO2,38.75,25,10.625,23.125,12.5,36.25,25.625,13.125,13.125,53.75,11
NO2,18.75,33.125,8.75,13.75,8.125,35.625,31.25,10,15.625,51.25,11
NO2,31.25,40,7.5,15.625,9.375,32.5,33.125,17.5,14.375,49.375,11
NO2,40.625,33.75,1.875,19.375,9.375,37.5,25,15.625,13.75,58.75,11
NO2,18.125,21.875,5,21.875,10.625,23.75,15,10,13.75,120.625,11
NO2,26.875,15.625,6.25,19.375,7.5,24.375,13.75,10,13.125,91.25,11
NO2,28.125,25.625,10.625,16.25,9.375,28.75,15,10,12.5,114.375,11
NO2,33.75,31.875,10.625,14.375,11.875,34.375,18.75,11.25,11.25,55,11
NO2,37.5,47.5,10.625,16.25,10.625,28.125,13.75,12.5,15,32.5,11
NO2,42.5,38.75,12.5,18.125,13.125,27.5,15.625,11.875,16.25,45,12
NO2,39.375,36.25,12.5,13.75,10.625,25,20,26.875,13.125,60,12
NO2,31.25,78.75,13.75,18.125,10.625,25,20.625,31.875,11.875,73.75,12
NO2,25,45.625,11.25,10,10.625,36.875,16.875,25,11.875,97.5,12
NO2,16.875,38.75,6.875,8.125,12.5,21.25,9.375,26.25,12.5,95,12
NO2,11.875,23.125,6.875,14.375,15.625,19.375,15,24.375,12.5,81.25,12
NO2,11.25,20,5.625,16.25,13.75,13.75,13.125,28.75,11.25,39.375,12
NO2,8.75,30,7.5,23.75,7.5,15,18.125,30.625,12.5,33.125,12
NO2,24.375,35.625,7.5,26.25,8.75,11.25,17.5,38.75,12.5,35.625,12
NO2,20.625,56.25,10,28.75,10,15,50,36.25,11.875,40.625,12
NO2,25.625,36.25,9.375,11.25,8.125,15.625,14.375,30.625,10,34.375,12
NO2,26.25,39.375,6.875,16.25,9.375,8.125,28.75,25.625,10,38.75,12
NO2,35,56.25,10.625,17.5,12.5,10,16.25,30,11.875,48.75,12
NO2,41.875,58.75,9.375,18.75,15.625,11.25,18.125,26.875,8.75,40.625,12
NO2,46.875,45.625,8.125,16.875,15.625,9.375,19.375,35.625,12.5,31.875,12
NO2,14.375,56.25,7.5,18.125,15.625,8.75,28.75,26.25,11.875,31.875,12
NO2,20,47.5,9.375,16.25,12.5,10.625,35.625,31.875,13.125,42.5,12
NO2,26.25,62.5,9.375,15,20,10.625,33.75,26.25,12.5,41.25,12
NO2,31.25,29.375,8.125,18.125,20.625,8.75,32.5,28.75,16.875,52.5,12
NO2,36.25,41.25,10,26.25,33.75,14.375,34.375,32.5,12.5,82.5,12
NO2,25.625,41.875,11.25,13.75,30,11.25,35,30.625,13.75,110.625,12
NO2,11.875,34.375,10,18.125,26.25,9.375,34.375,31.875,15,63.75,12
NO2,13.125,62.5,7.5,28.125,35,11.25,31.25,33.75,21.25,47.5,12
NO2,11.875,77.5,10,38.75,36.25,11.25,33.125,28.75,10.625,63.75,12
NO2,16.25,48.75,17.5,26.25,34.375,11.875,32.5,30,13.125,40.625,12
NO2,47.5,31.25,18.125,31.25,26.875,11.875,33.125,27.5,16.25,53.75,12
NO2,78.75,38.125,17.5,48.125,18.125,11.875,32.5,31.25,14.375,45.625,12
NO2,47.5,30.625,13.75,33.75,16.25,11.25,31.25,29.375,15.625,44.375,12
NO2,81.25,46.25,12.5,19.375,20,12.5,30.625,29.375,12.5,47.5,12
NO2,100,43.125,13.75,40.625,20,10.625,31.25,30,8.75,41.25,12
NO2,38.125,30.625,11.25,25,18.75,10,17.5,28.125,8.75,45.625,12
SO2,75.5,136.1538462,87.5,56.5,54,93.5,59.5,85,73.5,30,1
SO2,84.5,118,89.5,66,55,93.5,78.5,106.3076923,86,37,1
SO2,68.5,103.6923077,93,69,82,105.8461538,80.5,123.6923077,84,49,1
SO2,81.5,105.8461538,107.8461538,72,89,107.8461538,111.0769231,132.3076923,74,58.5,1
SO2,87.5,114.6153846,107.8461538,98.5,40,112.3076923,70.5,122.9230769,55,57.5,1
SO2,98.5,110.9230769,108.9230769,72,54,80.5,91.5,106.6153846,110.3076923,24,1
SO2,58.5,108.4615385,92.5,83,53,71,119.8461538,81.5,114,33,1
SO2,95,112,67,96.5,59,77.5,111.6923077,80,95,39,1
SO2,76,103.6923077,63.5,95.5,58.5,77.5,115.0769231,71,115.8461538,32,1
SO2,68,129.6923077,84.5,98,101.8461538,88.5,92,69,98,30,1
SO2,86,127.0769231,75.5,106.7692308,101.0769231,84,79,62,81,48,1
SO2,89,102.9230769,57.5,104.3076923,72.5,84,74,73,91.5,34,1
SO2,53,101.8461538,73.5,95.5,58.5,100.7692308,72.5,79,81.5,40,1
SO2,63,101.5384615,56,100.9230769,69.5,90.5,95,90,62,60.5,1
SO2,47,103.6923077,74.5,72,73,99,99.5,71,74,28,1
SO2,31,80,63.5,82,89,105.2307692,89,100.9230769,90,33,1
SO2,67.5,98,77,64.5,69.5,105.3846154,96,110,83,52,1
SO2,87,108.4615385,71,60,44,107.6923077,93.5,101.5384615,86.5,52,1
SO2,86.5,116.9230769,80.5,69,55,91.5,116.6153846,81.5,122,77.5,1
SO2,87,119.6923077,89.5,72,57,91,82,64.5,94.5,86,1
SO2,61,102.1538462,48,70.5,82.5,103.5384615,64,64,70,60,1
SO2,66,82.5,78.5,62,77,93.5,78.5,53.5,54,68.5,1
SO2,67,72,54.5,66,83,101.0769231,81.5,37,80,51.5,1
SO2,78,100.1538462,48,59.5,76,92.5,73.5,57.5,70,32,1
SO2,97,110.3076923,68.5,52,55,109.0769231,85.5,69,81,51.5,1
SO2,87.5,90.5,79,57.5,69,78.5,73.5,103.5384615,99.5,52,1
SO2,65.5,64.5,69,96,62,73,96.5,71.5,75,67,1
SO2,71,58,71.5,69,84.5,66,88.5,48,88,47,1
SO2,70.5,78.5,69.5,34,68,63,78.5,79,79,35,1
SO2,86,89.5,89,42,50,68.5,69,93,94.5,37,1
SO2,77.5,86.5,105.3846154,60.5,54.5,75.5,81,114.9230769,106.9230769,52.5,1
SO2,79,93,101.0769231,38,75.5,55.5,92,117.5384615,78,46,2
SO2,100.7692308,102.6153846,61,72.5,67,80,95,129.8461538,84.5,52.5,2
SO2,71.5,83,75,73.5,41,60.5,101.3846154,104.6153846,84,69,2
SO2,60.5,110.7692308,71,60.5,39,78,84.5,108.4615385,81.5,59.5,2
SO2,69,72.5,60,53,61.5,75,96,69.5,81.5,64.5,2
SO2,50,66,65,55,41,81.5,70.5,107.3846154,81.5,52,2
SO2,72,45,75.5,52.5,45,90.5,95.5,86,91,60,2
SO2,37,61,73,57,41,67,92,108.6153846,82,64.5,2
SO2,54.5,72,81.5,73,47,67,62.5,73,83,39,2
SO2,52,47,61.5,50,43,70.5,69,79,87.5,53,2
SO2,54.5,56.5,100,55.5,67,75.5,80.5,84,66,41,2
SO2,62.5,60.5,101.2307692,71,80.5,69.5,65,81.5,74.5,31,2
SO2,66.5,68,69.5,51,37,86.5,66.5,62,91.5,59.5,2
SO2,69.5,99.5,53,54,46,59.5,73.5,78,102,46,2
SO2,57.5,100,62,50,60.5,66.5,79.5,60,81.5,38,2
SO2,23,91,65,22,49,58,86,82,92.5,39,2
SO2,51,80.5,95,46,30,73.5,83,37,72.5,41,2
SO2,63.5,83,54.5,33,30,76,82,36,63,52,2
SO2,65.5,86,67.5,30,25,83,73.5,54.5,88.5,42,2
SO2,44,74.5,74.5,50.5,25,53,80.5,34,80,51.5,2
SO2,35,62,58.5,53.5,23,51,83,36,63.5,69,2
SO2,66.5,33,27,37,27,52,96,56.5,73,60,2
SO2,68,62.5,53,59,38,89,83.5,35,88,42,2
SO2,62.5,72.5,45,57,45,69,85.5,62,56.5,44,2
SO2,57,86,47,30,38,68,81.5,37,78,60.5,2
SO2,66.5,68.5,53,38,35,66.5,71.5,42,77.5,58,2
SO2,70.5,81.5,50,47,60,54.5,75,39,82,38,2
SO2,61.5,77,38,52.5,56,60,76,35,84.5,26,2
SO2,52.5,57,60.5,55,55.5,64.5,60.5,66,64,37,3
SO2,51.5,71,50,39,54,27,68.5,43,86,48,3
SO2,61.5,40,64.5,46,45,52,63,33,74.5,37,3
SO2,92.5,57.5,50,34,38,27,66.5,29,95.5,20,3
SO2,47,63.5,51.5,55.5,44,18,71.5,28,68,34,3
SO2,61,53,36,51,52,33,76.5,30,99,35,3
SO2,62,66,52.5,57,58.5,53,71.5,23,71,29,3
SO2,55,69,43,77,77,56,55,31,66.5,39,3
SO2,31,72,45,80.5,46,48,65,33,46,23,3
SO2,46,46,31,88.5,42,37,57,50,43,21,3
SO2,54.5,31,53,52.5,57,35,56,55,59.5,32,3
SO2,43,35,29,43,31,45,53.5,39,67.5,26,3
SO2,59.5,55,26,55,28,55.5,50.5,25,81.5,26,3
SO2,38,82,44,53,41,63.5,53,21,81.5,25,3
SO2,47,61,36,56,35,77,50.5,28,68.5,17,3
SO2,25,67.5,44,78.5,45,87,49,30,44,23,3
SO2,42,59,47,65.5,30,80,44,24,43,21,3
SO2,29,67.5,37,47,30,68,51,28,48,19,3
SO2,23,60,40,56.5,28,57.5,56.5,26,55,24,3
SO2,47,29,48,59,29,39,54,33,64.5,29,3
SO2,25,34,71,78,50,43,33,31,56.5,28,3
SO2,27,52,49,52.5,52.5,49,26,26,59.5,17,3
SO2,36,55,35,68.5,31,50,33,29,64,20,3
SO2,33,46,58.5,23,25,46,33,25,64,17,3
SO2,23,51,60.5,29,31,41,29,25,59.5,12,3
SO2,14,37,47,36,29,50.5,33,16,30,22,3
SO2,27,56,31,46,44,60,31,30,56,19,3
SO2,27,43,28,53,21,68.5,32,27,86.5,17,3
SO2,26,29,46,55,18,36,30,35,75,22,3
SO2,21,52.5,38,40,55,51.5,32,29,41,21,3
SO2,17,56.5,34,39,32,60,33,25,35,25,3
SO2,13,53.5,22,70.5,37,67,42,17,61.5,27,4
SO2,32,34,33,60,23,34,49,17,32,34,4
SO2,34,19,28,54,24,21,27,25,31,20,4
SO2,43,22,27,38,24,40,32,19,30,17,4
SO2,31,44,23,43,35,36,31,27,33,24,4
SO2,6,32,34,30,43,41,27,24,32,17,4
SO2,13,33,43,50.5,26,42,32,20,21,20,4
SO2,11,29,36,64,32,35,41,21,19,23,4
SO2,15,50,40,38,29,31,29,21,22,21,4
SO2,18,41,30,32,34,43,32,15,25,24,4
SO2,22,33,51.5,49,50.5,60,57.5,17,57,28,4
SO2,18,26,59,53,24,35,43,20,50.5,16,4
SO2,15,38,42,53,14,23,38,27,14,18,4
SO2,12,28,41,41,26,39,38,35,15,20,4
SO2,24,19,42,59,25,33,29,18,17,28,4
SO2,10,16,33,50,40,27,34,23,16,28,4
SO2,14,31,37,44,24,25,39,27,27,18,4
SO2,15,21,39,55,29,19,37,16,29,10,4
SO2,11,28,51,51.5,23,20,35,39,28,16,4
SO2,12,50.5,51,40,17,27,28,13,47,19,4
SO2,11,35,41,35,28,35,31,17,57.5,16,4
SO2,18,16,41,41,21,42,17,19,31,17,4
SO2,15,32,64,54,24,37,16,28,18,20,4
SO2,15,50,67,41,21,30,16,17,16,19,4
SO2,20,36,42,50.5,36,27,17,21,20,16,4
SO2,21,20,37,50.5,28,26,19,16,16,23,4
SO2,33,34,16,51.5,35,54,27,15,15,21,4
SO2,21,24,30,39,47,18,28,19,15,21,4
SO2,9,18,26,77,21,17,26,27,19,19,4
SO2,11,20,23,58.5,30,19,28,21,17,21,4
SO2,32,18,38,46,30,23,24,34,25,19,5
SO2,23,15,41,39,43,19,23,18,20,21,5
SO2,15,23,18,22,33,22,18,17,19,22,5
SO2,26,42,28,35,17,35,17,17,21,25,5
SO2,29,40,35,45,13,21,16,16,15,18,5
SO2,19,37,40,24,14,26,21,16,20,22,5
SO2,9,29,50,29,24,20,16,20,19,40,5
SO2,14,26,29,37,24,29,16,23,22,32,5
SO2,16,33,37,36,16,34,30,18,27,14,5
SO2,13,18,51.5,55.5,16,24,15,26,22,22,5
SO2,8,14,41,24,18,21,20,15,18,29,5
SO2,9,23,27,35,15,23,14,22,29,23,5
SO2,18,37,25,35,14,24,11,30,38,19,5
SO2,33,26,33,46,12,26,11,20,36,16,5
SO2,8,17,29,26,16,41,18,17,24,23,5
SO2,3,20,33,20,17,18,27,25,30,59,5
SO2,5,30,23,16,14,23,31,18,16,29,5
SO2,13,28,24,21,15,16,32,16,15,17,5
SO2,18,26,31,25,12,23,18,16,27,24,5
SO2,19,24,30,46,15,22,14,17,16,41,5
SO2,18,25,32,41,14,15,16,18,19,21,5
SO2,15,16,35,29,10,21,18,18,24,20,5
SO2,28,5,35,44,13,17,17,16,24,14,5
SO2,27,16,31,44,15,14,12,16,24,16,5
SO2,20,28,27,28,12,24,12,29,18,16,5
SO2,37,18,20,31,10,26,17,20,22,32,5
SO2,29,27,18,31,9,29,13,26,38,17,5
SO2,28,22,21,30,9,40,21,29,19,23,5
SO2,12,11,33,36,14,47,19,38,15,16,5
SO2,9,21,32,26,18,37,13,17,15,18,5
SO2,17,28,23,30,14,22,12,22,35,21,5
SO2,15,30,21,39,12,17,11,21,37,14,6
SO2,40,16,30,48,11,17,12,26,28,14,6
SO2,37,11,27,38,13,19,19,60,33,20,6
SO2,14,20,28,48,15,22,10,82,17,31,6
SO2,14,17,28,62,15,27,11,31,21,43,6
SO2,12,34,36,32,15,31,18,26,15,22,6
SO2,11,17,34,38,15,29,17,17,14,11,6
SO2,16,25,34,32,12,30,17,22,17,18,6
SO2,31,8,34,33,14,46,22,8,25,27,6
SO2,7,6,35,26,12,34,29,11,20,32,6
SO2,17,15,46,31,12,30,33,11,23,17,6
SO2,16,7,58,25,23,23,28,28,33,20,6
SO2,14,8,62,28,15,26,20,23,34,16,6
SO2,23,11,43,37,11,37,18,26,22,18,6
SO2,30,12,41,38,11,39,66,22,17,19,6
SO2,37,19,26,39,14,28,21,22,13,15,6
SO2,22,17,20,20,21,27,18,8,16,16,6
SO2,13,16,21,14,25,31,25,10,14,16,6
SO2,10,23,28,30,14,31,14,7,12,20,6
SO2,21,24,43,36,11,19,13,8,22,25,6
SO2,54.5,16,39,34,14,16,11,11,23,18,6
SO2,33,11,36,20,11,17,14,12,18,12,6
SO2,33,7,31,24,11,19,17,10,37,7,6
SO2,12,10,29,23,13,18,20,14,33,14,6
SO2,14,20,19,21,15,22,17,13,29,20,6
SO2,23,23,22,15,15,19,22,12,33,12,6
SO2,11,16,37,8,14,15,15,11,28,12,6
SO2,10,20,39,10,16,13,14,8,18,13,6
SO2,9,16,28,12,11,15,15,13,15,10,6
SO2,6,16,28,17,11,14,15,13,12,10,6
SO2,8,22,25,13,13,13,12,12,9,9,7
SO2,10,22,32,9,15,15,14,12,9,13,7
SO2,9,18,38,8,17,21,18,13,28,12,7
SO2,11,8,33,18,13,14,13,13,20,24,7
SO2,13,13,31,25,20,16,13,10,19,19,7
SO2,16,15,28,15,12,15,15,9,22,15,7
SO2,17,14,28,17,18,16,19,11,20,16,7
SO2,22,6,21,21,25,15,12,11,13,17,7
SO2,39,12,22,15,14,15,12,7,18,22,7
SO2,35,17,22,16,14,16,15,9,17,22,7
SO2,20,23,14,15,13,15,22,8,17,29,7
SO2,13,9,13,23,13,19,19,10,18,29,7
SO2,13,10,15,21,12,26,18,10,15,39,7
SO2,19,13,23,16,12,17,21,5,19,33,7
SO2,26,9,20,15,13,18,9,6,16,18,7
SO2,30,7,15,17,13,14,12,9,18,13,7
SO2,25,7,13,16,11,14,12,10,15,17,7
SO2,7,9,12,12,13,12,9,7,15,30,7
SO2,4,9,15,18,12,14,14,8,17,14,7
SO2,6,11,15,17,14,22,9,8,11,18,7
SO2,6,8,14,21,16,16,11,9,16,14,7
SO2,6,5,14,20,15,20,13,9,14,14,7
SO2,6,7,14,9,19,29,13,8,13,15,7
SO2,8,4,13,14,17,26,16,9,14,11,7
SO2,16,9,14,15,16,13,15,10,23,10,7
SO2,17,8,16,19,14,13,16,10,17,17,7
SO2,16,7,13,17,18,13,19,13,13,12,7
SO2,7,8,13,15,14,12,16,10,15,11,7
SO2,7,9,14,17,14,15,14,8,15,21,7
SO2,7,16,14,30,10,13,16,10,15,15,7
SO2,5,5,16,16,11,16,15,14,14,14,7
SO2,6,6,16,19,12,15,11,14,19,19,8
SO2,53.5,5,23,13,13,17,14,11,34,25,8
SO2,9,11,17,13,13,21,14,13,45,16,8
SO2,8,11,8,16,12,23,14,17,12,30,8
SO2,8,13,10,24,11,26,13,13,13,40,8
SO2,11,11,10,25,12,26,14,12,40,43,8
SO2,18,9,6,34,12,17,11,12,32,41,8
SO2,21,19,8,20,12,14,13,29,13,45,8
SO2,27,15,9,16,13,14,13,20,11,41,8
SO2,26,17,8,24,15,13,11,18,18,59.5,8
SO2,24,13,9,23,17,16,12,19,21,43,8
SO2,25,20,11,19,20,26,15,12,11,46,8
SO2,30,15,6,25,16,17,14,14,12,42,8
SO2,17,14,10,24,13,30,13,15,17,36,8
SO2,20,20,15,17,11,19,15,18,33,39,8
SO2,31,12,16,19,15,18,13,13,30,39,8
SO2,23,21,11,17,17,11,12,12,41,36,8
SO2,24,16,20,11,21,10,11,17,17,34,8
SO2,24,15,17,20,33,15,13,17,12,26,8
SO2,45,23,22,32,22,23,16,14,9,35,8
SO2,37,19,20,23,21,19,16,22,13,32,8
SO2,15,9,16,52,33,23,11,30,11,34,8
SO2,15,8,20,47,32,32,15,19,14,40,8
SO2,34,5,17,21,25,24,15,16,33,37,8
SO2,24,13,17,28,32,18,14,14,22,45,8
SO2,10,14,19,28,24,14,12,13,35,48,8
SO2,12,15,13,22,19,13,13,10,14,46,8
SO2,17,11,8,27,27,17,15,19,14,47,8
SO2,12,21,12,31,23,38,15,20,13,46,8
SO2,13,20,21,37,24,22,10,12,18,42,8
SO2,21,15,14,52,22,15,23,12,18,45,8
SO2,59,16,13,46,41,21,12,19,25,35,9
SO2,12,55,16,51,36,21,12,14,25,43,9
SO2,15,27,12,59,35,24,16,15,24,47,9
SO2,24,40,11,61,20,31,20,9,14,34,9
SO2,18,9,19,62.5,18,29,14,9,26,49,9
SO2,24,15,11,59,53.5,26,18,14,31,46,9
SO2,26,15,16,51.5,26,20,17,15,38,43,9
SO2,29,14,15,52,22,21,22,9,18,48,9
SO2,25,8,18,57.5,20,24,22,15,26,57.5,9
SO2,33,16,28,51,22,24,13,15,23,51,9
SO2,40,18,17,46,24,27,14,15,15,48,9
SO2,14,20,11,49,32,26,17,14,20,46,9
SO2,10,22,14,47,50,23,20,10,21,41,9
SO2,9,18,5,44,50,21,29,13,15,42,9
SO2,21,31,6,45,36,23,16,10,26,33,9
SO2,20,14,7,29,34,19,18,17,16,43,9
SO2,27,17,6,23,45,26,21,14,11,23,9
SO2,28,7,14,33,38,27,16,19,18,35,9
SO2,24,12,7,28,30,24,15,24,15,31,9
SO2,23,15,6,26,23,18,13,14,29,42,9
SO2,19,20,7,20,21,22,14,13,42,44,9
SO2,25,26,9,24,27,36,17,12,12,43,9
SO2,21,11,10,29,35,33,13,20,13,44,9
SO2,19,13,10,34,33,51,17,14,22,42,9
SO2,15,15,7,49,30,51.5,16,15,21,44,9
SO2,21,21,9,44,24,25,12,18,19,47,9
SO2,15,16,11,56,20,26,17,14,18,52,9
SO2,17,10,15,44,31,22,11,19,34,46,9
SO2,18,24,14,29,25,26,14,27,27,51.5,9
SO2,23,25,11,22,28,16,15,22,25,52.5,9
SO2,58,58,9,20,39,24,22,18,21,54,10
SO2,21,19,11,28,35,20,27,17,22,46,10
SO2,23,18,10,36,25,23,22,16,17,50,10
SO2,34,40,12,49,27,26,28,27,15,46,10
SO2,27,27,12,51,29,25,17,16,13,50,10
SO2,18,10,13,51.5,48,22,12,17,25,51,10
SO2,21,13,14,20,34,22,12,39,22,54.5,10
SO2,23,17,24,25,35,23,19,43,18,53.5,10
SO2,21,17,29,36,27,29,13,33,37,52,10
SO2,20,25,27,44,35,25,16,28,23,79.5,10
SO2,16,18,21,42,24,25,18,25,19,52.5,10
SO2,18,7,21,41,34,43,17,28,28,50,10
SO2,34,10,22,35,28,52.5,16,22,28,47,10
SO2,27,13,22,36,23,41,42,15,24,48,10
SO2,36,21,22,45,29,29,38,17,25,44,10
SO2,42,25,44,43,28,36,20,21,26,43,10
SO2,24,32,25,44,26,44,21,15,35,47,10
SO2,18,37,21,62,28,42,17,16,33,46,10
SO2,11,30,41,52,17,49,47,12,16,46,10
SO2,14,17,50.5,44,28,31,44,15,26,44,10
SO2,14,24,32,25,32,58,38,30,38,46,10
SO2,21,27,42,29,20,43,58,25,24,47,10
SO2,18,19,32,55.5,15,58,42,19,27,54,10
SO2,21,16,33,50,29,36,44,24,30,35,10
SO2,17,36,30,49,43,52.5,20,23,20,40,10
SO2,17,25,31,48,31,51,44,22,14,49,10
SO2,33,19,35,47,34,60,44,29,17,50.5,10
SO2,47,28,39,32,19,49,40,22,22,56.5,10
SO2,44,46,38,40,26,55.5,40,17,28,57.5,10
SO2,49,28,34,46,30,58,39,21,30,54,10
SO2,27,22,23,51.5,27,51.5,30,19,25,53.5,10
SO2,28,24,39,34,32,60.5,32,20,19,51,11
SO2,71.5,22,35,43,46,55,50,10,18,76.5,11
SO2,37,29,34,56,41,60.5,41,10,18,86,11
SO2,52,33,24,57,41,59.5,45,25,21,56.5,11
SO2,61,38,23,54.5,29,71,43,41,18,51,11
SO2,58,37,25,41,22,62.5,47,36,18,52.5,11
SO2,46,12,26,52.5,27,65,46,36,19,67.5,11
SO2,49,21,39,55,32,59.5,41,66.5,14,74,11
SO2,39,37,25,63,55.5,66,35,86.5,19,74.5,11
SO2,32,54,30,50.5,55,55,39,50.5,21,69.5,11
SO2,53.5,47,65.5,64.5,22,62,63.5,51.5,20,73,11
SO2,77.5,53,82,69.5,32,78,70,49,16,70.5,11
SO2,63,58.5,54.5,31,32,81.5,75,63.5,18,68.5,11
SO2,81,56.5,56,35,26,86,102.3076923,114.4615385,24,75,11
SO2,72.5,60,35,51,33,58,95.5,84.5,23,75,11
SO2,59,63.5,42,63.5,50,55.5,71,59,18,81,11
SO2,28,69,28,72,31,75.5,79.5,84.5,23,70.5,11
SO2,36,75.5,21,62,43,63.5,73.5,96.5,21,59.5,11
SO2,62,80,24,58.5,38,66.5,85,106.7692308,22,62,11
SO2,67.5,45,21,50.5,28,65.5,81,115.6923077,18,78,11
SO2,71,46,26,71,25,74,87,92.5,29,79.5,11
SO2,83,53.5,19,100,31,78.5,106.9230769,82.5,25,81.5,11
SO2,45,65.5,16,77.5,28,104.7692308,92,82.5,20,76.5,11
SO2,90.5,68.5,6,80.5,28,84,105.2307692,80,22,68.5,11
SO2,103.3846154,59.5,23,81.5,38,91,85,98,24,89,11
SO2,59.5,65,47,95,13,67,71,99,28,172.1538462,11
SO2,85.5,42,45,82,13,69,58,65,28,119.5384615,11
SO2,83,71,52.5,69.5,26,82.5,66.5,58,33,127.2307692,11
SO2,75.5,74,34,66.5,47,94,86,68.5,28,74,11
SO2,76,93,42,80.5,49,80,69.5,65.5,25,50,11
SO2,88.5,77.5,50,74.5,39,80.5,72.5,85,27,76.5,12
SO2,84,90,51,57.5,42,61,85,91,32,90,12
SO2,68.5,100.1538462,33,67.5,40,97,82.5,75.5,26,98.5,12
SO2,61,100.9230769,28,55.5,52.5,109.6923077,67,70.5,28,131.8461538,12
SO2,50.5,79.5,33,55,55,92.5,51.5,82,34,154.9230769,12
SO2,46,61,29,71.5,76.5,95.5,74.5,78.5,30,109.8461538,12
SO2,48,58,28,88.5,87,93,68.5,84,28,64,12
SO2,37,64.5,35,109.2307692,24,111.6923077,85,84,38,49,12
SO2,42,96,36,115.6923077,30,110,81,106.6153846,33,50,12
SO2,65,106.6153846,38,116.6153846,47,112.7692308,111.2307692,92.5,34,76,12
SO2,73.5,70,20,73.5,38,61,66.5,79,25,77.5,12
SO2,77.5,83.5,37,101.5384615,46,73,103.2307692,77.5,27,72.5,12
SO2,99.5,100.6153846,30,102.1538462,62,94,97.5,82,27,80,12
SO2,88.5,100.1538462,30,101.0769231,78,84,84.5,86,26,76.5,12
SO2,103.5384615,95.5,21,101.2307692,77,83,68.5,79.5,30,71,12
SO2,51.5,100.3076923,42,105.2307692,77,85.5,61,71,54.5,66.5,12
SO2,72.5,99.5,46,84,52.5,104.9230769,61,82,43,63.5,12
SO2,75.5,104,45,65,85.5,52.5,61,68,37,79.5,12
SO2,100.3076923,66,38,88.5,86.5,59,65,80,49,96.5,12
SO2,119.5384615,98,57.5,111.5384615,111.6923077,58,66,85.5,45,101.5384615,12
SO2,108.7692308,92.5,51.5,61,94.5,62,65.5,85,45,125.8461538,12
SO2,85.5,65,39,55,99,57.5,63.5,81,60.5,82,12
SO2,93,91.5,52,60.5,114,57.5,63.5,87.5,59,74,12
SO2,85,103.0769231,79.5,62.5,120.4615385,58,66.5,79.5,30,94,12
SO2,82.5,93,86,51,110.3076923,58,63.5,85,31,75.5,12
SO2,107.2307692,76,70.5,67.5,95.5,56,64,81,56.5,91,12
SO2,114.3076923,91,56,70.5,52.5,56,65,78.5,61,93.5,12
SO2,107.3846154,57.5,55.5,68.5,60,58.5,65.5,81.5,58,60,12
SO2,118.9230769,89.5,57.5,55,77.5,57.5,66,85,42,82.5,12
SO2,132.3076923,98.5,44,70,82.5,40,64,87.5,36,73,12
SO2,115.5384615,63.5,46,78.5,81,58,50.5,65,40,91.5,12
PM10,89,189,134,54.5,88,121.5,58,79,94.5,52,1
PM10,78.5,130.5,147.5,58,100.5,110.5,67,87.5,140,63.5,1
PM10,81.5,126,128,62.5,169,137,82,129.5,93.5,73,1
PM10,76,82.5,172.5,54,137.5,120,157.5,139.5,88.5,78,1
PM10,85.5,93,185.5,64,53.5,212.8571429,94,134,66,106,1
PM10,106.5,102,231.4285714,59.5,67.5,90.5,92,95,96.5,58.5,1
PM10,122,130,362.5,71,70.5,72,244.2857143,117.5,108.5,59.5,1
PM10,91.5,104.5,92.5,66,69,70,343.75,127,124,60.5,1
PM10,115.5,106.5,89.5,59.5,74.5,70,422,87.5,135.5,65.5,1
PM10,116,180,128.5,65,122,98.5,90,64,122.5,69.5,1
PM10,104.5,158,90.5,102.5,151.5,80,76,77.5,96,89.5,1
PM10,117,91.5,96,87,147,90.5,74.5,74,95.5,80,1
PM10,104,92,104,94,123.5,90.5,48,68,89,91,1
PM10,90.5,94.5,88,109,103.5,82.5,69.5,80.5,79,132.5,1
PM10,89,86.5,108.5,83,91,100,96,65,92.5,70.5,1
PM10,52.5,82,89,90,119.5,126,95,106,119.5,57,1
PM10,71,121,79,72,113.5,122.5,89.5,142.5,92.5,77,1
PM10,88,132,84,80.5,57.5,136,96.5,142,98,78,1
PM10,86.5,160.5,99.5,75.5,54,96,238.5714286,97.5,162.5,137.5,1
PM10,97.5,126.5,104.5,79,53.5,94.5,90,79,158.5,119,1
PM10,89.5,86,74,76,62.5,151.5,56.5,84.5,63.5,114.5,1
PM10,64.5,99,86.5,70,69,91.5,59,84,76.5,232.8571429,1
PM10,64,75,78.5,74,91.5,127,88,98.5,92.5,117,1
PM10,78.5,84.5,64.5,81,69.5,99.5,71,65.5,87,61.5,1
PM10,97,113,73,73.5,57.5,164.5,76,62.5,95,77,1
PM10,92,118,81,61.5,70.5,96.5,82.5,123.5,86,78,1
PM10,79,86.5,87.5,94,76,80.5,99.5,68,88,112.5,1
PM10,79.5,50.5,79.5,76,105,61.5,92,80,120.5,75.5,1
PM10,67,59,94.5,72.5,105,76.5,98,81.5,91.5,86,1
PM10,90,73,142.5,51,74,79,70.5,106.5,127.5,65,1
PM10,74,83.5,220,59,43,84,76.5,137,167,64.5,1
PM10,87.5,94,192,56,69,64.5,89.5,180.5,112,68.5,2
PM10,97,90.5,86.5,72,59.5,76.5,99.5,238.5714286,114.5,76.5,2
PM10,71,89.5,94.5,68,56.5,84.5,140,110.5,117.5,147.5,2
PM10,77.5,136.5,111.5,69,35,88,88,111.5,134.5,85.5,2
PM10,92,54.5,94.5,62.5,57,87,97.5,110,156,92.5,2
PM10,85,57.5,91.5,50.5,47,201.4285714,78,306.25,95.5,113.5,2
PM10,87.5,63,123.5,45,56,171,95,142,122.5,91.5,2
PM10,104.5,61.5,103,56.5,29,123.5,97.5,173,126.5,130,2
PM10,65,85.5,114,93,30,87,64,120,133.5,77.5,2
PM10,80,69,105.5,54,51,73,67.5,98,78.5,67,2
PM10,101.5,49,185,50,63.5,78,81,98,63,78.5,2
PM10,110.5,52,170.5,63.5,82.5,66.5,71.5,114.5,68,70.5,2
PM10,88.5,73,160,63.5,63.5,111.5,59.5,97.5,91,83,2
PM10,68,102,196,71,73,80,78.5,78.5,118.5,72,2
PM10,65,105,114.5,65.5,91.5,48,77.5,70.5,87.5,74.5,2
PM10,53,98.5,143,36,79,80.5,94.5,78,75.5,81,2
PM10,76.5,101.5,194,51,54,84.5,94.5,87,84.5,94.5,2
PM10,68,148.5,155.5,32,55.5,99.5,85,87,74.5,115,2
PM10,66.5,174,138.5,38,55.5,96.5,72.5,94,78.5,79.5,2
PM10,66.5,125.5,151,41,50,78,99.5,95,85,99.5,2
PM10,71.5,89,138,51,52.5,79.5,99,87,76.5,127.5,2
PM10,90.5,68,64.5,54.5,62.5,82.5,148,91.5,119.5,113.5,2
PM10,84,98,94.5,82,64,92.5,93,96.5,154.5,106,2
PM10,75,130,98.5,71,72,62,76,114,88,121.5,2
PM10,78,180.5,119.5,46,67.5,57,80,82.5,97.5,114,2
PM10,88,144,114.5,52.5,58,60.5,95.5,76.5,89,97.5,2
PM10,103.5,114.5,109.5,55.5,57,66.5,73.5,90,97.5,66,2
PM10,88.5,98,118.5,78.5,62.5,129,76,112,98,69,2
PM10,87.5,104.5,112,85.5,72.5,91,56.5,148.5,65.5,72,3
PM10,84.5,135.5,96.5,62.5,63,90.5,73,89,98,79,3
PM10,69,95.5,121.5,51,57,80,258.5714286,68,98,76.5,3
PM10,90.5,86,132,60.5,63,56,83,62,137.5,38,3
PM10,77,95.5,97.5,62,68,34,77,70.5,81.5,60,3
PM10,75.5,76.5,109.5,58.5,84,34,86.5,66,74,93.5,3
PM10,71.5,95,81.5,77,88,53.5,96.5,52.5,78.5,58.5,3
PM10,66,133,88.5,138.5,125,74,87,69,78.5,62.5,3
PM10,72.5,131.5,111.5,105.5,100,63.5,71.5,98.5,62.5,61,3
PM10,85,84,121,171.5,93.5,66.5,85.5,113,62,53,3
PM10,81.5,71,175,92.5,300,50,99,115,85,61,3
PM10,78,79,172.5,76,72.5,60.5,96.5,98,96.5,68,3
PM10,108,101,128,69.5,57,74.5,155.5,78.5,123,76.5,3
PM10,92.5,131,104,78.5,64,125,135,76,93.5,125,3
PM10,91.5,125.5,148,96.5,66,134,89,75.5,87.5,57,3
PM10,77,108,123,126.5,82.5,119,102.5,142,73,73.5,3
PM10,116,101.5,122,124.5,73.5,86.5,95,106.5,96.5,75.5,3
PM10,112.5,151.5,148,95.5,116.5,83.5,77,84,70.5,76,3
PM10,88,141.5,75.5,73.5,91.5,87.5,90.5,95.5,93.5,119.5,3
PM10,85.5,93,91.5,97,93,127.5,120.5,97,409,85,3
PM10,105,77,99,141,121.5,70,99,93.5,285.7142857,105.5,3
PM10,176,93,151,101,135.5,81.5,90.5,83,105.5,67,3
PM10,98.5,102.5,117,123.5,94.5,82,127.5,75.5,218.5714286,55,3
PM10,104,124,102,100.5,74,129.5,89,62.5,91,78.5,3
PM10,94,112,115,68,80.5,97.5,62,53,79.5,54,3
PM10,72,104,118,77,117,91.5,67.5,64,65.5,74.5,3
PM10,83.5,108,128,85,103.5,96,66,83.5,77.5,69,3
PM10,73,87.5,102,95,130.5,90,69,78,96.5,70,3
PM10,82,98,117,113.5,77.5,89,74.5,80,104.5,71,3
PM10,82.5,138,128,85.5,117.5,90.5,59,80,70.5,89.5,3
PM10,71.5,143.5,185.5,92.5,97,169.5,95,77.5,77.5,84.5,3
PM10,107,94,149,115,81.5,358.75,91,79,117,150.5,4
PM10,96.5,80,123.5,102,74,83.5,73,61,72.5,87,4
PM10,157,64.5,111,101.5,71.5,71,100.5,74,96.5,66,4
PM10,112,72.5,72.5,123.5,66.5,63,80,78.5,90.5,72.5,4
PM10,84,98.5,85.5,106.5,85.5,69,96,99.5,82.5,81,4
PM10,56,89,91,91.5,82,71,80,88,90,58,4
PM10,142.5,95.5,113.5,109,70,81,73.5,75,63,71.5,4
PM10,112,97.5,111.5,202.8571429,89,72.5,100,80.5,73.5,111,4
PM10,94.5,106,97,89.5,137,76,99,89,68,86.5,4
PM10,89.5,89,114.5,87,128.5,84,75,76,76.5,93,4
PM10,82,103,94.5,95,143.5,98.5,66,68.5,110,60.5,4
PM10,87,151,142.5,89,99.5,84.5,111.5,93,88.5,69.5,4
PM10,89,155.5,165,107.5,50.5,77.5,62.5,118,53,61.5,4
PM10,87,102,116.5,95.5,60,70,71.5,112.5,61,79.5,4
PM10,114,130.5,114.5,150,56.5,72.5,78.5,87,54.5,133.5,4
PM10,63,124,121.5,100.5,82.5,64,65.5,76.5,56,127,4
PM10,87,102,113,100,90.5,74.5,82.5,90.5,97.5,85.5,4
PM10,64,77,121.5,133.5,93.5,60.5,96,65.5,96.5,98,4
PM10,63,81,119,91.5,110,69.5,94.5,91.5,90.5,66.5,4
PM10,59,90,129.5,102,68,82.5,94,53.5,106,75,4
PM10,54.5,81,136,96.5,70.5,99,64,61,73,69,4
PM10,59,63,157,79,64,84.5,60,65,55.5,59.5,4
PM10,56,83,169,102,77,75,52,81,61,57,4
PM10,62.5,133.5,150,88.5,73.5,66.5,66.5,90.5,65.5,57,4
PM10,72,119.5,154.5,110,78,74,64,185,65,61.5,4
PM10,71,83,107.5,92,71,75,130,66.5,69,102.5,4
PM10,92,133.5,107.5,96.5,77.5,85.5,98.5,58.5,64,71.5,4
PM10,72,94.5,68.5,87,79.5,95.5,95.5,88.5,64.5,63,4
PM10,63.5,86.5,88,184.5,59,91,86.5,113.5,68,62,4
PM10,85.5,76.5,102,145,78,84.5,94,83.5,74.5,83.5,4
PM10,87.5,78,112.5,152.5,87.5,57,75,72,73,134.5,5
PM10,71.5,73.5,98,110.5,89.5,62,88.5,92.5,93,84.5,5
PM10,92.5,76.5,140.5,56.5,66.5,76,77,65.5,86.5,64,5
PM10,106.5,112.5,87,69.5,66.5,81.5,67.5,71.5,81,63,5
PM10,101,85,104,65,51.5,85.5,60,57,66,73.5,5
PM10,65,81,91.5,42,48,91,71.5,61,65,73.5,5
PM10,51.5,82.5,133,54,67.5,74,71,65.5,56.5,89.5,5
PM10,67.5,100.5,141.5,76.5,71,93.5,70.5,67.5,68,73,5
PM10,85,109,105.5,63.5,53.5,90.5,86,68,73.5,93.5,5
PM10,79.5,115,123.5,67.5,62.5,66,98.5,52,93.5,73,5
PM10,67,98.5,147,59.5,64.5,68,74.5,57,64.5,59.5,5
PM10,58.5,101.5,135.5,72,45,94,84.5,87,73.5,90.5,5
PM10,77,93.5,118.5,68,51.5,69.5,62.5,99.5,88,79.5,5
PM10,71,78,119,77.5,47,88.5,57.5,84,87,70,5
PM10,51,94.5,112.5,50,54.5,98,64,57.5,77,70.5,5
PM10,42,97,90,47,56,95,81,71,79.5,80.5,5
PM10,43,118.5,118,58.5,58,72.5,97.5,81.5,59.5,68,5
PM10,71,122,79,37,58,79,127,66.5,62,66,5
PM10,81.5,85,96,52.5,57.5,62,98,68.5,83.5,81.5,5
PM10,79,96.5,97,76,77,68.5,85.5,68.5,71,66,5
PM10,89,103,98,60,75.5,88,76,70.5,77,63,5
PM10,86.5,92,106,54.5,43,98,90.5,76.5,100,66,5
PM10,77,71,103,58,56,88.5,79.5,59.5,64.5,65.5,5
PM10,71,102,101.5,61.5,58.5,91.5,99,56.5,89.5,64.5,5
PM10,63,82,91,53,63,220,80,63,73.5,79,5
PM10,85.5,78.5,101.5,53.5,70,93,76,64.5,70,80,5
PM10,78,103,94,55,39,82,89,99,86.5,67.5,5
PM10,85.5,72,94,66,48,88.5,135,99.5,81,67,5
PM10,65,68,94.5,52,53.5,89,306.25,84,64,71.5,5
PM10,64.5,89.5,144,52.5,65,67,150.5,81.5,65.5,70,5
PM10,70,83.5,100,54,59,56,151.5,69.5,73,81,5
PM10,70,83,100.5,74.5,66,59.5,78.5,78.5,67,75.5,6
PM10,86,66,90,72,56.5,36,97,90,71,69.5,6
PM10,88.5,73,115.5,60,61.5,45,80.5,140.5,77,82.5,6
PM10,73.5,72.5,86,58,69,57.5,76.5,124,69,86.5,6
PM10,67.5,77.5,85.5,77.5,71.5,72.5,70.5,92.5,68,92.5,6
PM10,64.5,97,96.5,58.5,78,73,74,103,71,92,6
PM10,61.5,64,110,63.5,105,88.5,86,96,62.5,89.5,6
PM10,71.5,81.5,104.5,70.5,86.5,86,96,89,51,79.5,6
PM10,91,72.5,112,77.5,64,91,90,59.5,53,85,6
PM10,57,87,115.5,88.5,62,80.5,163,66,57.5,90.5,6
PM10,56.5,75,139.5,73.5,54.5,119.5,201.4285714,60.5,60.5,57.5,6
PM10,68,61,173.5,59.5,67.5,88.5,128,81.5,70.5,77,6
PM10,59.5,56,163.5,65.5,73,75.5,141,77.5,94.5,59.5,6
PM10,69.5,59.5,149,69.5,64,76,144,96.5,97.5,72.5,6
PM10,102,72.5,144,80.5,59,69.5,126,97.5,90,123,6
PM10,85.5,68,125.5,71.5,58.5,67.5,96.5,93,80.5,108,6
PM10,77,75,93.5,58,64.5,72.5,93,66.5,98,108,6
PM10,69.5,84,89,47,66,66.5,70,97.5,80,90.5,6
PM10,69.5,97,101,58,59.5,64.5,119,81.5,61.5,110.5,6
PM10,82,101,96.5,71.5,81,70,90.5,124,67.5,91.5,6
PM10,86,81,135.5,67,80.5,57,78.5,96.5,73.5,80.5,6
PM10,70.5,70,129,59.5,97,53,95.5,86,91.5,70,6
PM10,62.5,73,101.5,49,93.5,61,110,54,136,69.5,6
PM10,42,62.5,86.5,68,70,72.5,87.5,72.5,106.5,90.5,6
PM10,68,75,118.5,73,57,54,75,75.5,104,64,6
PM10,90.5,72.5,94.5,81.5,56.5,69,72,69,98,54.5,6
PM10,73.5,100,127,39,51,63.5,69.5,67,91.5,62,6
PM10,81,102,137,87.5,58,51.5,63,65,72.5,68.5,6
PM10,62,73.5,141.5,72,66.5,69,62.5,92.5,60,72,6
PM10,60.5,72,130,67,64.5,59.5,57.5,65,59,79.5,6
PM10,74.5,77.5,133.5,59,76.5,60.5,77.5,67,55,64,7
PM10,74,85,141,61.5,84.5,49,75.5,61.5,58,80,7
PM10,86.5,95.5,122.5,70.5,85.5,71.5,60,63,68,59.5,7
PM10,84,70,128.5,76.5,74,66,69.5,59,65.5,83,7
PM10,70,69,102.5,72,73,79.5,61.5,72,71,65,7
PM10,66.5,62,100,70.5,63.5,61,52,79.5,80.5,85.5,7
PM10,70.5,84.5,104,86.5,66.5,74.5,53.5,103,72,87.5,7
PM10,71.5,77,100,150,78,69,65.5,103.5,70.5,68.5,7
PM10,83.5,66,87,138.5,91,75,63,52,68.5,77.5,7
PM10,82,78.5,119.5,115.5,91.5,74.5,66,66,69.5,87.5,7
PM10,71.5,85.5,141,99,77,67.5,94.5,104,58,89.5,7
PM10,69,69,115,86.5,92.5,90.5,120,76.5,61.5,83,7
PM10,64.5,75,83,80,90.5,85,83.5,75,59.5,89.5,7
PM10,74.5,77.5,99.5,79,90,83,75.5,56,122,92,7
PM10,67.5,64,116,78,65,77,74,67.5,114,85.5,7
PM10,81,77,121,81,83.5,68.5,74,78,85.5,86.5,7
PM10,78.5,64.5,127,69.5,95,60.5,75.5,93.5,115.5,106.5,7
PM10,63.5,52,100.5,74,92,84.5,79,72.5,87.5,98.5,7
PM10,58,83,84.5,84.5,78,52,56.5,71,82.5,63,7
PM10,56.5,112,84,76,81.5,52,51.5,83.5,47,77,7
PM10,66.5,65,77,87,87.5,49,47,102.5,70,85,7
PM10,80.5,74.5,78,73.5,79,61,67.5,217.1428571,83.5,106.5,7
PM10,85.5,100,73.5,60,77,87.5,78.5,79,74,95.5,7
PM10,86.5,89,71,65,56.5,76.5,87.5,65.5,58.5,93,7
PM10,126,74.5,75.5,55,69.5,156.5,67.5,59.5,94,59.5,7
PM10,69.5,57.5,92.5,66.5,83.5,98,65.5,62,89,87,7
PM10,62.5,56,99.5,155,89.5,79.5,99,91,63,64,7
PM10,66,53,97.5,130.5,79.5,56.5,147.5,72.5,59.5,59.5,7
PM10,68.5,73,110.5,123.5,63,66,91,90.5,65.5,99.5,7
PM10,85,81.5,113,118.5,62,91,64.5,107.5,67,83,7
PM10,72,81.5,87,86,59,63,58,60,69.5,60.5,7
PM10,65.5,73,69,82.5,58,70.5,55.5,78,62,76,8
PM10,66,82.5,92,71.5,83.5,74.5,64,69.5,69,60.5,8
PM10,66,76,128.5,73,92.5,64.5,63.5,77,120.5,69.5,8
PM10,61,86.5,86,66,69.5,71.5,70,68.5,89,55.5,8
PM10,62.5,64,75.5,80,87,83,60,58,72,101.5,8
PM10,66.5,75,51.5,101.5,90.5,91.5,61.5,64.5,73,47,8
PM10,53.5,101.5,73,85.5,62.5,78,84.5,69.5,78.5,46,8
PM10,54,94,75,56,76.5,65,81,73.5,66,47,8
PM10,56.5,86.5,62.5,54.5,76.5,80,75.5,69.5,50,53,8
PM10,60.5,85,71.5,66,67,67.5,75,60.5,78.5,103.5,8
PM10,74,79,60,85,65.5,77,73,63,92.5,52,8
PM10,75,79.5,64.5,78.5,73.5,67,55.5,72.5,77,57.5,8
PM10,82,71,59,75,80,60,77,69,80,57,8
PM10,68.5,65,54.5,74,83.5,88.5,76,74,66,69,8
PM10,74.5,78,51.5,70.5,79.5,79,74,74,69,55,8
PM10,83.5,55,64,72.5,75,82.5,65.5,75.5,84.5,50,8
PM10,76.5,78,57.5,59.5,70.5,51,51.5,64,97,39,8
PM10,76.5,69.5,46,45,63.5,53,48,66,69.5,32,8
PM10,61,61,78.5,57.5,64,69.5,52.5,70.5,52.5,32,8
PM10,59.5,76,78.5,67.5,76,95,77.5,66,36,50,8
PM10,74,78.5,69,81,66,92.5,95.5,74.5,54.5,56,8
PM10,71.5,56,52,78.5,62.5,82.5,69.5,56,42,69.5,8
PM10,97.5,54.5,64,74,68.5,65,47,62.5,39,76,8
PM10,93.5,57,66,69,88,68,58.5,73,57.5,63,8
PM10,71.5,71,56,71,84,68,61.5,67,53,61,8
PM10,52,75,77,79.5,75,69,73,61,57,58.5,8
PM10,58.5,51.5,86,57.5,82.5,55.5,63,51,59,55,8
PM10,71.5,61,71.5,68.5,90,63,64.5,85,56,57,8
PM10,58,54,39,92,77,62,79,53.5,59.5,60,8
PM10,68,36,60,74.5,64,51,84.5,47,64.5,54,8
PM10,84,53,51.5,101.5,51,52,55.5,58,82,59,8
PM10,77,63,44,79.5,93.5,59,64.5,73,110,78,9
PM10,56,49,71.5,91,76.5,68,56,70.5,76,82,9
PM10,49,78,79,64,85.5,57.5,64.5,64.5,66.5,119.5,9
PM10,44,87,76.5,81,58,67.5,76.5,52,72.5,98,9
PM10,39,42,95.5,82,43,72,79,59.5,80.5,97.5,9
PM10,60.5,63.5,82,84.5,57.5,67.5,69.5,71.5,101.5,62,9
PM10,63.5,59,52,95,57.5,64,72.5,41,94,59.5,9
PM10,82.5,54.5,44,101.5,72,68,77,36,43,54.5,9
PM10,95,51,40,114.5,60,63,86,61,58,66,9
PM10,86,77.5,73,98.5,51,63,86,67.5,57,58.5,9
PM10,82.5,79,71,94,61.5,64,64.5,78.5,67,56,9
PM10,38,80,51,91.5,78.5,66.5,58,71.5,66,58,9
PM10,37,74,58.5,71.5,91.5,63.5,77.5,52.5,87.5,53,9
PM10,30,76,59,65,94,75,97,50,72.5,54,9
PM10,55,90,24,82,92,86,114,58,89.5,36,9
PM10,59.5,74,44,65,93,82,77.5,83.5,68.5,53,9
PM10,73.5,89.5,44,83,131.5,96,99,52.5,51.5,52,9
PM10,81.5,55,31,101,96,84,110,76.5,73,36,9
PM10,74,43,53.5,75,89,56.5,83,72.5,50,34,9
PM10,59.5,52,34,65,101.5,40,84.5,69.5,97.5,51,9
PM10,50.5,66,45,47,138,49,66,48,98,53.5,9
PM10,57,64.5,56,57,97,76.5,87,59.5,23,59.5,9
PM10,58.5,50,54.5,67.5,128.5,139,78,64,35,65,9
PM10,64.5,57.5,55,72.5,91.5,121,75.5,76,60,58,9
PM10,54,62.5,58.5,89.5,71,135,55.5,76,71.5,55,9
PM10,68.5,99,53.5,89.5,94.5,95,61.5,81,57.5,52,9
PM10,60.5,86,69,107.5,82.5,211.4285714,60,74.5,61,57.5,9
PM10,40,84,69.5,103.5,70.5,41,66.5,108,71,52,9
PM10,53,68,69,90.5,83.5,45,45,124,70,61,9
PM10,64,104.5,58,73.5,70.5,42,62,111.5,89.5,63,9
PM10,64,78.5,28,67,76,57.5,69,78.5,80,65,10
PM10,67.5,75,31,62.5,82.5,41,112,92.5,81,57,10
PM10,75,63.5,35,53.5,69,69.5,123,59,54,53,10
PM10,84.5,87,47,73.5,73,60,121.5,93,61,54,10
PM10,93.5,96.5,56,81.5,112.5,87.5,114,73,43,62,10
PM10,52,64.5,51,86,122.5,55.5,95.5,83,70.5,65,10
PM10,53.5,71.5,54.5,63,82.5,53.5,50.5,84.5,73.5,85.5,10
PM10,60.5,67,67.5,79.5,102.5,39,64,76,58,63.5,10
PM10,60,92.5,94.5,80,105,54,77.5,80.5,81.5,57,10
PM10,58,111,89,85,97.5,50,112,74,70,102,10
PM10,60.5,84,84.5,94.5,66,45,98,77,74.5,57.5,10
PM10,72.5,35,68,92,70,58.5,76,90,49,54.5,10
PM10,112.5,46,72,81.5,124,72,80,96,58.5,51.5,10
PM10,104.5,57,53,71.5,101.5,57.5,78.5,57.5,71.5,52,10
PM10,114.5,68.5,58.5,68.5,105,54,105.5,64,63.5,51,10
PM10,105.5,93.5,83.5,75,83.5,62,116.5,82.5,63,52.5,10
PM10,96.5,88.5,103,98.5,79,61,94,77,77.5,54.5,10
PM10,75,119,101.5,89,77,56.5,76.5,62.5,63,52.5,10
PM10,39,99,101,133.5,93.5,73,69.5,82.5,75,52,10
PM10,29,74.5,91.5,110,90,54,110.5,71.5,75,54,10
PM10,44,94,77.5,57.5,91,75.5,183,108,81,55,10
PM10,48,72,67,59,63,86.5,72,99,97,55.5,10
PM10,54.5,67.5,76.5,77,49,100,113.5,93.5,95,60,10
PM10,80.5,70.5,62.5,97.5,73,88.5,55.5,113,99.5,38,10
PM10,54,115.5,82.5,95,86,81.5,55,91,65,43,10
PM10,52,88,50,97.5,61.5,79.5,59,103,40,54.5,10
PM10,56.5,88,59,89.5,75.5,81,60,135.5,44,57,10
PM10,68,88.5,68,93,59.5,56,59.5,92.5,66.5,63,10
PM10,93.5,118,86.5,82.5,89,57,72.5,87,63,65,10
PM10,122,94,85,93,74.5,57,67,115,61.5,61.5,10
PM10,98.5,80.5,65.5,82,77.5,74,106,84,74.5,59,10
PM10,71,80,56.5,71,138.5,70.5,87.5,54,79.5,55,11
PM10,75.5,79.5,64,72,110.5,57,73.5,40,60.5,82.5,11
PM10,64.5,84.5,79,109.5,93.5,84,92.5,36,71.5,109.5,11
PM10,80.5,85,62,117.5,77.5,79.5,76,52.5,92.5,67.5,11
PM10,96.5,107.5,53,139.5,81.5,81.5,75.5,88,87,61,11
PM10,145.5,90.5,50.5,144,71,77,111.5,76.5,76,55,11
PM10,122,39,58,106,75,81,120,73.5,82,71.5,11
PM10,68,34,91,111,97.5,122,93,118,51.5,74.5,11
PM10,60,51,160.5,111.5,112.5,222.8571429,57.5,117,51,79,11
PM10,84,74.5,105,106,104,79.5,62,59,93,72.5,11
PM10,146,75,61.5,136,92,70.5,83.5,54,306.25,76,11
PM10,323.75,79.5,71.5,147.5,83,96,76,50.5,86,72.5,11
PM10,92.5,87.5,87.5,86,109.5,89.5,96.5,66.5,98,70.5,11
PM10,109.5,90,76.5,52,72,167,91,129,65,75.5,11
PM10,123,123,80,80,72.5,79.5,140.5,99,62,76.5,11
PM10,96.5,78,63,92,133.5,71,186,61,58,85.5,11
PM10,69,90.5,67.5,91,91.5,57.5,110.5,92.5,83,73,11
PM10,52.5,112,66.5,95.5,150,68,75,93,73.5,60.5,11
PM10,79,113.5,64.5,117.5,137,79.5,60.5,131,75.5,63.5,11
PM10,102,84.5,65.5,140.5,96.5,81,75,148.5,67.5,79.5,11
PM10,109.5,76.5,55,175,66.5,90,64.5,141,66.5,81.5,11
PM10,117,57,60.5,135,103,110,80,99,95.5,84,11
PM10,90.5,80,54.5,85,50.5,217.1428571,89.5,138,65.5,80,11
PM10,164,95,64.5,86.5,54,184,120.5,163.5,62,70.5,11
PM10,156.5,112,25,86.5,76,130,208.5714286,320,79.5,89.5,11
PM10,84,69,20,101,56,73,91,151.5,101.5,221.4285714,11
PM10,90.5,52.5,26,94,49,61,69.5,91,125,126.5,11
PM10,103.5,67,56,112.5,106.5,77.5,68,77,91.5,130.5,11
PM10,130.5,104,73,84.5,87,99.5,58,72.5,89,74.5,11
PM10,138,127.5,72,84.5,87.5,90,75,72,154.5,37,11
PM10,142,116.5,78,90.5,157.5,81.5,65,139,171,78,12
PM10,154.5,139.5,87,76.5,85.5,87,83,161,106.5,90.5,12
PM10,170,170.5,94,85.5,64,94,163,90.5,100,99.5,12
PM10,125,134,75,58,82.5,90,113,77,89,175.5,12
PM10,91,88,44,61.5,100,96,96,89.5,91,225.7142857,12
PM10,45,80,61,63.5,235.7142857,106,59.5,85,78,133.5,12
PM10,37,53.5,110.5,74,92,88.5,61,98.5,67,65.5,12
PM10,41,68,64.5,96.5,61,129,73,94.5,79.5,50,12
PM10,59.5,84.5,70,118.5,61,169,100,147.5,86.5,51.5,12
PM10,76.5,113,96.5,138.5,76.5,174,148,130.5,135,62,12
PM10,110.5,88.5,92.5,56,67,82,254.2857143,86,93,60,12
PM10,126,97.5,71.5,77.5,78.5,88.5,72.5,82.5,65,76.5,12
PM10,132,128.5,105,75.5,97,113,150.5,92,73.5,82.5,12
PM10,132.5,142,101.5,75,99.5,80.5,85,95,54.5,78,12
PM10,154,142.5,106.5,77,89,103,69,96,59.5,55.5,12
PM10,84,166,62.5,80.5,82,76.5,79,79,89.5,56.5,12
PM10,81.5,173,67.5,76,61,92,69.5,91,107,60.5,12
PM10,100.5,169,79,65,149,60,101,75,90,84,12
PM10,116.5,97,91,88,86,101,102,91,111,100,12
PM10,164.5,111.5,55,137.5,160,117,102,98,121,112,12
PM10,110,107.5,57,88,97,303.75,101.5,97.5,133,162.5,12
PM10,73.5,85.5,52.5,74.5,99.5,297.1428571,103.5,96.5,152.5,85.5,12
PM10,67.5,129,32,89.5,147.5,177,76.5,148,214.2857143,76,12
PM10,69.5,168,46,83,153,53,101,143.5,68,98,12
PM10,63,158,79,83,162.5,110,102,136,60,79,12
PM10,105,94,83,92.5,199.5,107,106,109,70,94.5,12
PM10,146,106.5,87.5,117.5,89.5,138,104,81,84.5,97.5,12
PM10,107.5,95,58,114.5,53,94.5,105.5,85,105,78.5,12
PM10,186.5,132,54.5,83.5,87,61,105,90,72,87.5,12
PM10,212.8571429,122.5,59.5,261.4285714,80,54,102,99,112.5,78,12
PM10,145,108.5,55.5,108.5,92,55,102,95.5,81.5,94.5,12
