key,2002,2003,2004,2005,2006,2007,2008,2009,2010,2011,month,,2002,2003,2004,2005,2006,2007,2008,2009,2010,2011,,
PM10,89,189,134,54.5,88,121.5,58,79,94.5,52,1,,2737.5,3316.5,3696.428571,2275,2790,3233.357143,3493.607143,2984,3247.5,2702.357143,,
PM10,78.5,130.5,147.5,58,100.5,110.5,67,87.5,140,63.5,1,,2290,2752.5,3582,1629,1654,2508.928571,2471.5,3240.321429,2837.5,2613,,
PM10,81.5,126,128,62.5,169,137,82,129.5,93.5,73,1,,2751.5,3327.5,3721.5,2885,2979.5,2678,2934.571429,2635.5,3336.285714,2289.5,,
PM10,76,82.5,172.5,54,137.5,120,157.5,139.5,88.5,78,1,,2534,2956.5,3546.5,3273.857143,2468,2614.25,2501.5,2550,2303.5,2420,,
PM10,85.5,93,185.5,64,53.5,212.8571429,94,134,66,106,1,,2283.5,2843,3377,1975.5,1863.5,2633.5,2930.75,2237.5,2346,2329,,
PM10,106.5,102,231.4285714,59.5,67.5,90.5,92,95,96.5,58.5,1,,2166.5,2304.5,3492,2018.5,2062,2069.5,2892.428571,2558,2340,2452,,
PM10,122,130,362.5,71,70.5,72,244.2857143,117.5,108.5,59.5,1,,2316,2330,3185,2728.5,2435,2285.5,2301.5,2511.142857,2305,2522,,
PM10,91.5,104.5,92.5,66,69,70,343.75,127,124,60.5,1,,2143,2183.5,2090.5,2268.5,2303,2197,2092.5,2071.5,2106.5,1822,,
PM10,115.5,106.5,89.5,59.5,74.5,70,422,87.5,135.5,65.5,1,,1813.5,2079,1715.5,2482.5,2510.5,2317.928571,2253.5,2084,2118.5,1835,,
PM10,116,180,128.5,65,122,98.5,90,64,122.5,69.5,1,,2249.5,2548.5,2150,2569,2612,1997.5,2747,2676,2130,1807.5,,
PM10,104.5,158,90.5,102.5,151.5,80,76,77.5,96,89.5,1,,3245.25,2499.5,1990,3170.5,2735,2946.5,2768.071429,2965,2649.75,2456.428571,,
PM10,117,91.5,96,87,147,90.5,74.5,74,95.5,80,1,,3429.857143,3669.5,2277,2866.928571,3245.214286,3478.892857,3155.285714,3179.5,3020.785714,2828.714286,,
PM10,104,92,104,94,123.5,90.5,48,68,89,91,1,,29960.10714,32810.5,34823.42857,30142.78571,29657.71429,30960.85714,32542.21429,31692.46429,30741.32143,28077.5,,
PM10,90.5,94.5,88,109,103.5,82.5,69.5,80.5,79,132.5,1,,,,,,,,,,,,,
PM10,89,86.5,108.5,83,91,100,96,65,92.5,70.5,1,,2737.5,2290,2751.5,2534,2283.5,2166.5,2316,2143,1813.5,2249.5,3245.25,3429.857143
PM10,52.5,82,89,90,119.5,126,95,106,119.5,57,1,,3316.5,2752.5,3327.5,2956.5,2843,2304.5,2330,2183.5,2079,2548.5,2499.5,3669.5
PM10,71,121,79,72,113.5,122.5,89.5,142.5,92.5,77,1,,3696.428571,3582,3721.5,3546.5,3377,3492,3185,2090.5,1715.5,2150,1990,2277
PM10,88,132,84,80.5,57.5,136,96.5,142,98,78,1,,2275,1629,2885,3273.857143,1975.5,2018.5,2728.5,2268.5,2482.5,2569,3170.5,2866.928571
PM10,86.5,160.5,99.5,75.5,54,96,238.5714286,97.5,162.5,137.5,1,,2790,1654,2979.5,2468,1863.5,2062,2435,2303,2510.5,2612,2735,3245.214286
PM10,97.5,126.5,104.5,79,53.5,94.5,90,79,158.5,119,1,,3233.357143,2508.928571,2678,2614.25,2633.5,2069.5,2285.5,2197,2317.928571,1997.5,2946.5,3478.892857
PM10,89.5,86,74,76,62.5,151.5,56.5,84.5,63.5,114.5,1,,3493.607143,2471.5,2934.571429,2501.5,2930.75,2892.428571,2301.5,2092.5,2253.5,2747,2768.071429,3155.285714
PM10,64.5,99,86.5,70,69,91.5,59,84,76.5,232.8571429,1,,2984,3240.321429,2635.5,2550,2237.5,2558,2511.142857,2071.5,2084,2676,2965,3179.5
PM10,64,75,78.5,74,91.5,127,88,98.5,92.5,117,1,,3247.5,2837.5,3336.285714,2303.5,2346,2340,2305,2106.5,2118.5,2130,2649.75,3020.785714
PM10,78.5,84.5,64.5,81,69.5,99.5,71,65.5,87,61.5,1,,2702.357143,2613,2289.5,2420,2329,2452,2522,1822,1835,1807.5,2456.428571,2828.714286
PM10,97,113,73,73.5,57.5,164.5,76,62.5,95,77,1,,,,,,,,,,,,,
PM10,92,118,81,61.5,70.5,96.5,82.5,123.5,86,78,1,,29960.10714,27222.60714,24932.60714,22181.10714,19647.10714,17363.60714,15197.10714,12881.10714,10738.10714,8924.607143,6675.107143,3429.857143
PM10,79,86.5,87.5,94,76,80.5,99.5,68,88,112.5,1,,32810.5,29494,26741.5,23414,20457.5,17614.5,15310,12980,10796.5,8717.5,6169,3669.5
PM10,79.5,50.5,79.5,76,105,61.5,92,80,120.5,75.5,1,,34823.42857,31127,27545,23823.5,20277,16900,13408,10223,8132.5,6417,4267,2277
PM10,67,59,94.5,72.5,105,76.5,98,81.5,91.5,86,1,,30142.78571,27867.78571,26238.78571,23353.78571,20079.92857,18104.42857,16085.92857,13357.42857,11088.92857,8606.428571,6037.428571,2866.928571
PM10,90,73,142.5,51,74,79,70.5,106.5,127.5,65,1,,29657.71429,26867.71429,25213.71429,22234.21429,19766.21429,17902.71429,15840.71429,13405.71429,11102.71429,8592.214286,5980.214286,3245.214286
PM10,74,83.5,220,59,43,84,76.5,137,167,64.5,1,,30960.85714,27727.5,25218.57143,22540.57143,19926.32143,17292.82143,15223.32143,12937.82143,10740.82143,8422.892857,6425.392857,3478.892857
PM10,87.5,94,192,56,69,64.5,89.5,180.5,112,68.5,2,,32542.21429,29048.60714,26577.10714,23642.53571,21141.03571,18210.28571,15317.85714,13016.35714,10923.85714,8670.357143,5923.357143,3155.285714
PM10,97,90.5,86.5,72,59.5,76.5,99.5,238.5714286,114.5,76.5,2,,31692.46429,28708.46429,25468.14286,22832.64286,20282.64286,18045.14286,15487.14286,12976,10904.5,8820.5,6144.5,3179.5
PM10,71,89.5,94.5,68,56.5,84.5,140,110.5,117.5,147.5,2,,30741.32143,27493.82143,24656.32143,21320.03571,19016.53571,16670.53571,14330.53571,12025.53571,9919.035714,7800.535714,5670.535714,3020.785714
PM10,77.5,136.5,111.5,69,35,88,88,111.5,134.5,85.5,2,,28077.5,25375.14286,22762.14286,20472.64286,18052.64286,15723.64286,13271.64286,10749.64286,8927.642857,7092.642857,5285.142857,2828.714286
PM10,92,54.5,94.5,62.5,57,87,97.5,110,156,92.5,2,,,,,,,,,,,,,
PM10,85,57.5,91.5,50.5,47,201.4285714,78,306.25,95.5,113.5,2,,13.158 ,11.955 ,10.950 ,9.741 ,8.629 ,7.626 ,6.674 ,5.657 ,4.716 ,3.919 ,2.932 ,1.506 
PM10,87.5,63,123.5,45,56,171,95,142,122.5,91.5,2,,14.410 ,12.953 ,11.744 ,10.283 ,8.984 ,7.736 ,6.724 ,5.700 ,4.742 ,3.829 ,2.709 ,1.612 
PM10,104.5,61.5,103,56.5,29,123.5,97.5,173,126.5,130,2,,15.294 ,13.670 ,12.097 ,10.463 ,8.905 ,7.422 ,5.888 ,4.490 ,3.572 ,2.818 ,1.874 ,1.000 
PM10,65,85.5,114,93,30,87,64,120,133.5,77.5,2,,13.238 ,12.239 ,11.523 ,10.256 ,8.819 ,7.951 ,7.065 ,5.866 ,4.870 ,3.780 ,2.651 ,1.259 
PM10,80,69,105.5,54,51,73,67.5,98,78.5,67,2,,13.025 ,11.800 ,11.073 ,9.765 ,8.681 ,7.862 ,6.957 ,5.887 ,4.876 ,3.773 ,2.626 ,1.425 
PM10,101.5,49,185,50,63.5,78,81,98,63,78.5,2,,13.597 ,12.177 ,11.075 ,9.899 ,8.751 ,7.595 ,6.686 ,5.682 ,4.717 ,3.699 ,2.822 ,1.528 
PM10,110.5,52,170.5,63.5,82.5,66.5,71.5,114.5,68,70.5,2,,14.292 ,12.757 ,11.672 ,10.383 ,9.285 ,7.997 ,6.727 ,5.716 ,4.797 ,3.808 ,2.601 ,1.386 
PM10,88.5,73,160,63.5,63.5,111.5,59.5,97.5,91,83,2,,13.919 ,12.608 ,11.185 ,10.028 ,8.908 ,7.925 ,6.802 ,5.699 ,4.789 ,3.874 ,2.699 ,1.396 
PM10,68,102,196,71,73,80,78.5,78.5,118.5,72,2,,13.501 ,12.075 ,10.828 ,9.363 ,8.352 ,7.321 ,6.294 ,5.281 ,4.356 ,3.426 ,2.490 ,1.327 
PM10,65,105,114.5,65.5,91.5,48,77.5,70.5,87.5,74.5,2,,12.331 ,11.144 ,9.997 ,8.991 ,7.928 ,6.905 ,5.829 ,4.721 ,3.921 ,3.115 ,2.321 ,1.242 
PM10,53,98.5,143,36,79,80.5,94.5,78,75.5,81,2,,,,,,,,,,,,,
PM10,76.5,101.5,194,51,54,84.5,94.5,87,84.5,94.5,2,,,,,,,,,,,,,
PM10,68,148.5,155.5,32,55.5,99.5,85,87,74.5,115,2,,,,,,,,,,,,,
PM10,66.5,174,138.5,38,55.5,96.5,72.5,94,78.5,79.5,2,,,,,,,,,,,,,
PM10,66.5,125.5,151,41,50,78,99.5,95,85,99.5,2,,,,,,,,,,,,,
PM10,71.5,89,138,51,52.5,79.5,99,87,76.5,127.5,2,,,,,,,,,,,,,
PM10,90.5,68,64.5,54.5,62.5,82.5,148,91.5,119.5,113.5,2,,,,,,,,,,,,,
PM10,84,98,94.5,82,64,92.5,93,96.5,154.5,106,2,,,,,,,,,,,,,
PM10,75,130,98.5,71,72,62,76,114,88,121.5,2,,,,,,,,,,,,,
PM10,78,180.5,119.5,46,67.5,57,80,82.5,97.5,114,2,,,,,,,,,,,,,
PM10,88,144,114.5,52.5,58,60.5,95.5,76.5,89,97.5,2,,,,,,,,,,,,,
PM10,103.5,114.5,109.5,55.5,57,66.5,73.5,90,97.5,66,2,,,,,,,,,,,,,
PM10,88.5,98,118.5,78.5,62.5,129,76,112,98,69,2,,,,,,,,,,,,,
PM10,87.5,104.5,112,85.5,72.5,91,56.5,148.5,65.5,72,3,,,,,,,,,,,,,
PM10,84.5,135.5,96.5,62.5,63,90.5,73,89,98,79,3,,,,,,,,,,,,,
PM10,69,95.5,121.5,51,57,80,258.5714286,68,98,76.5,3,,,,,,,,,,,,,
PM10,90.5,86,132,60.5,63,56,83,62,137.5,38,3,,,,,,,,,,,,,
PM10,77,95.5,97.5,62,68,34,77,70.5,81.5,60,3,,,,,,,,,,,,,
PM10,75.5,76.5,109.5,58.5,84,34,86.5,66,74,93.5,3,,,,,,,,,,,,,
PM10,71.5,95,81.5,77,88,53.5,96.5,52.5,78.5,58.5,3,,,,,,,,,,,,,
PM10,66,133,88.5,138.5,125,74,87,69,78.5,62.5,3,,,,,,,,,,,,,
PM10,72.5,131.5,111.5,105.5,100,63.5,71.5,98.5,62.5,61,3,,,,,,,,,,,,,
PM10,85,84,121,171.5,93.5,66.5,85.5,113,62,53,3,,,,,,,,,,,,,
PM10,81.5,71,175,92.5,300,50,99,115,85,61,3,,,,,,,,,,,,,
PM10,78,79,172.5,76,72.5,60.5,96.5,98,96.5,68,3,,,,,,,,,,,,,
PM10,108,101,128,69.5,57,74.5,155.5,78.5,123,76.5,3,,,,,,,,,,,,,
PM10,92.5,131,104,78.5,64,125,135,76,93.5,125,3,,,,,,,,,,,,,
PM10,91.5,125.5,148,96.5,66,134,89,75.5,87.5,57,3,,,,,,,,,,,,,
PM10,77,108,123,126.5,82.5,119,102.5,142,73,73.5,3,,,,,,,,,,,,,
PM10,116,101.5,122,124.5,73.5,86.5,95,106.5,96.5,75.5,3,,,,,,,,,,,,,
PM10,112.5,151.5,148,95.5,116.5,83.5,77,84,70.5,76,3,,,,,,,,,,,,,
PM10,88,141.5,75.5,73.5,91.5,87.5,90.5,95.5,93.5,119.5,3,,,,,,,,,,,,,
PM10,85.5,93,91.5,97,93,127.5,120.5,97,409,85,3,,,,,,,,,,,,,
PM10,105,77,99,141,121.5,70,99,93.5,285.7142857,105.5,3,,,,,,,,,,,,,
PM10,176,93,151,101,135.5,81.5,90.5,83,105.5,67,3,,,,,,,,,,,,,
PM10,98.5,102.5,117,123.5,94.5,82,127.5,75.5,218.5714286,55,3,,,,,,,,,,,,,
PM10,104,124,102,100.5,74,129.5,89,62.5,91,78.5,3,,,,,,,,,,,,,
PM10,94,112,115,68,80.5,97.5,62,53,79.5,54,3,,,,,,,,,,,,,
PM10,72,104,118,77,117,91.5,67.5,64,65.5,74.5,3,,,,,,,,,,,,,
PM10,83.5,108,128,85,103.5,96,66,83.5,77.5,69,3,,,,,,,,,,,,,
PM10,73,87.5,102,95,130.5,90,69,78,96.5,70,3,,,,,,,,,,,,,
PM10,82,98,117,113.5,77.5,89,74.5,80,104.5,71,3,,,,,,,,,,,,,
PM10,82.5,138,128,85.5,117.5,90.5,59,80,70.5,89.5,3,,,,,,,,,,,,,
PM10,71.5,143.5,185.5,92.5,97,169.5,95,77.5,77.5,84.5,3,,,,,,,,,,,,,
PM10,107,94,149,115,81.5,358.75,91,79,117,150.5,4,,,,,,,,,,,,,
PM10,96.5,80,123.5,102,74,83.5,73,61,72.5,87,4,,,,,,,,,,,,,
PM10,157,64.5,111,101.5,71.5,71,100.5,74,96.5,66,4,,,,,,,,,,,,,
PM10,112,72.5,72.5,123.5,66.5,63,80,78.5,90.5,72.5,4,,,,,,,,,,,,,
PM10,84,98.5,85.5,106.5,85.5,69,96,99.5,82.5,81,4,,,,,,,,,,,,,
PM10,56,89,91,91.5,82,71,80,88,90,58,4,,,,,,,,,,,,,
PM10,142.5,95.5,113.5,109,70,81,73.5,75,63,71.5,4,,,,,,,,,,,,,
PM10,112,97.5,111.5,202.8571429,89,72.5,100,80.5,73.5,111,4,,,,,,,,,,,,,
PM10,94.5,106,97,89.5,137,76,99,89,68,86.5,4,,,,,,,,,,,,,
PM10,89.5,89,114.5,87,128.5,84,75,76,76.5,93,4,,,,,,,,,,,,,
PM10,82,103,94.5,95,143.5,98.5,66,68.5,110,60.5,4,,,,,,,,,,,,,
PM10,87,151,142.5,89,99.5,84.5,111.5,93,88.5,69.5,4,,,,,,,,,,,,,
PM10,89,155.5,165,107.5,50.5,77.5,62.5,118,53,61.5,4,,,,,,,,,,,,,
PM10,87,102,116.5,95.5,60,70,71.5,112.5,61,79.5,4,,,,,,,,,,,,,
PM10,114,130.5,114.5,150,56.5,72.5,78.5,87,54.5,133.5,4,,,,,,,,,,,,,
PM10,63,124,121.5,100.5,82.5,64,65.5,76.5,56,127,4,,,,,,,,,,,,,
PM10,87,102,113,100,90.5,74.5,82.5,90.5,97.5,85.5,4,,,,,,,,,,,,,
PM10,64,77,121.5,133.5,93.5,60.5,96,65.5,96.5,98,4,,,,,,,,,,,,,
PM10,63,81,119,91.5,110,69.5,94.5,91.5,90.5,66.5,4,,,,,,,,,,,,,
PM10,59,90,129.5,102,68,82.5,94,53.5,106,75,4,,,,,,,,,,,,,
PM10,54.5,81,136,96.5,70.5,99,64,61,73,69,4,,,,,,,,,,,,,
PM10,59,63,157,79,64,84.5,60,65,55.5,59.5,4,,,,,,,,,,,,,
PM10,56,83,169,102,77,75,52,81,61,57,4,,,,,,,,,,,,,
PM10,62.5,133.5,150,88.5,73.5,66.5,66.5,90.5,65.5,57,4,,,,,,,,,,,,,
PM10,72,119.5,154.5,110,78,74,64,185,65,61.5,4,,,,,,,,,,,,,
PM10,71,83,107.5,92,71,75,130,66.5,69,102.5,4,,,,,,,,,,,,,
PM10,92,133.5,107.5,96.5,77.5,85.5,98.5,58.5,64,71.5,4,,,,,,,,,,,,,
PM10,72,94.5,68.5,87,79.5,95.5,95.5,88.5,64.5,63,4,,,,,,,,,,,,,
PM10,63.5,86.5,88,184.5,59,91,86.5,113.5,68,62,4,,,,,,,,,,,,,
PM10,85.5,76.5,102,145,78,84.5,94,83.5,74.5,83.5,4,,,,,,,,,,,,,
PM10,87.5,78,112.5,152.5,87.5,57,75,72,73,134.5,5,,,,,,,,,,,,,
PM10,71.5,73.5,98,110.5,89.5,62,88.5,92.5,93,84.5,5,,,,,,,,,,,,,
PM10,92.5,76.5,140.5,56.5,66.5,76,77,65.5,86.5,64,5,,,,,,,,,,,,,
PM10,106.5,112.5,87,69.5,66.5,81.5,67.5,71.5,81,63,5,,,,,,,,,,,,,
PM10,101,85,104,65,51.5,85.5,60,57,66,73.5,5,,,,,,,,,,,,,
PM10,65,81,91.5,42,48,91,71.5,61,65,73.5,5,,,,,,,,,,,,,
PM10,51.5,82.5,133,54,67.5,74,71,65.5,56.5,89.5,5,,,,,,,,,,,,,
PM10,67.5,100.5,141.5,76.5,71,93.5,70.5,67.5,68,73,5,,,,,,,,,,,,,
PM10,85,109,105.5,63.5,53.5,90.5,86,68,73.5,93.5,5,,,,,,,,,,,,,
PM10,79.5,115,123.5,67.5,62.5,66,98.5,52,93.5,73,5,,,,,,,,,,,,,
PM10,67,98.5,147,59.5,64.5,68,74.5,57,64.5,59.5,5,,,,,,,,,,,,,
PM10,58.5,101.5,135.5,72,45,94,84.5,87,73.5,90.5,5,,,,,,,,,,,,,
PM10,77,93.5,118.5,68,51.5,69.5,62.5,99.5,88,79.5,5,,,,,,,,,,,,,
PM10,71,78,119,77.5,47,88.5,57.5,84,87,70,5,,,,,,,,,,,,,
PM10,51,94.5,112.5,50,54.5,98,64,57.5,77,70.5,5,,,,,,,,,,,,,
PM10,42,97,90,47,56,95,81,71,79.5,80.5,5,,,,,,,,,,,,,
PM10,43,118.5,118,58.5,58,72.5,97.5,81.5,59.5,68,5,,,,,,,,,,,,,
PM10,71,122,79,37,58,79,127,66.5,62,66,5,,,,,,,,,,,,,
PM10,81.5,85,96,52.5,57.5,62,98,68.5,83.5,81.5,5,,,,,,,,,,,,,
PM10,79,96.5,97,76,77,68.5,85.5,68.5,71,66,5,,,,,,,,,,,,,
PM10,89,103,98,60,75.5,88,76,70.5,77,63,5,,,,,,,,,,,,,
PM10,86.5,92,106,54.5,43,98,90.5,76.5,100,66,5,,,,,,,,,,,,,
PM10,77,71,103,58,56,88.5,79.5,59.5,64.5,65.5,5,,,,,,,,,,,,,
PM10,71,102,101.5,61.5,58.5,91.5,99,56.5,89.5,64.5,5,,,,,,,,,,,,,
PM10,63,82,91,53,63,220,80,63,73.5,79,5,,,,,,,,,,,,,
PM10,85.5,78.5,101.5,53.5,70,93,76,64.5,70,80,5,,,,,,,,,,,,,
PM10,78,103,94,55,39,82,89,99,86.5,67.5,5,,,,,,,,,,,,,
PM10,85.5,72,94,66,48,88.5,135,99.5,81,67,5,,,,,,,,,,,,,
PM10,65,68,94.5,52,53.5,89,306.25,84,64,71.5,5,,,,,,,,,,,,,
PM10,64.5,89.5,144,52.5,65,67,150.5,81.5,65.5,70,5,,,,,,,,,,,,,
PM10,70,83.5,100,54,59,56,151.5,69.5,73,81,5,,,,,,,,,,,,,
PM10,70,83,100.5,74.5,66,59.5,78.5,78.5,67,75.5,6,,,,,,,,,,,,,
PM10,86,66,90,72,56.5,36,97,90,71,69.5,6,,,,,,,,,,,,,
PM10,88.5,73,115.5,60,61.5,45,80.5,140.5,77,82.5,6,,,,,,,,,,,,,
PM10,73.5,72.5,86,58,69,57.5,76.5,124,69,86.5,6,,,,,,,,,,,,,
PM10,67.5,77.5,85.5,77.5,71.5,72.5,70.5,92.5,68,92.5,6,,,,,,,,,,,,,
PM10,64.5,97,96.5,58.5,78,73,74,103,71,92,6,,,,,,,,,,,,,
PM10,61.5,64,110,63.5,105,88.5,86,96,62.5,89.5,6,,,,,,,,,,,,,
PM10,71.5,81.5,104.5,70.5,86.5,86,96,89,51,79.5,6,,,,,,,,,,,,,
PM10,91,72.5,112,77.5,64,91,90,59.5,53,85,6,,,,,,,,,,,,,
PM10,57,87,115.5,88.5,62,80.5,163,66,57.5,90.5,6,,,,,,,,,,,,,
PM10,56.5,75,139.5,73.5,54.5,119.5,201.4285714,60.5,60.5,57.5,6,,,,,,,,,,,,,
PM10,68,61,173.5,59.5,67.5,88.5,128,81.5,70.5,77,6,,,,,,,,,,,,,
PM10,59.5,56,163.5,65.5,73,75.5,141,77.5,94.5,59.5,6,,,,,,,,,,,,,
PM10,69.5,59.5,149,69.5,64,76,144,96.5,97.5,72.5,6,,,,,,,,,,,,,
PM10,102,72.5,144,80.5,59,69.5,126,97.5,90,123,6,,,,,,,,,,,,,
PM10,85.5,68,125.5,71.5,58.5,67.5,96.5,93,80.5,108,6,,,,,,,,,,,,,
PM10,77,75,93.5,58,64.5,72.5,93,66.5,98,108,6,,,,,,,,,,,,,
PM10,69.5,84,89,47,66,66.5,70,97.5,80,90.5,6,,,,,,,,,,,,,
PM10,69.5,97,101,58,59.5,64.5,119,81.5,61.5,110.5,6,,,,,,,,,,,,,
PM10,82,101,96.5,71.5,81,70,90.5,124,67.5,91.5,6,,,,,,,,,,,,,
PM10,86,81,135.5,67,80.5,57,78.5,96.5,73.5,80.5,6,,,,,,,,,,,,,
PM10,70.5,70,129,59.5,97,53,95.5,86,91.5,70,6,,,,,,,,,,,,,
PM10,62.5,73,101.5,49,93.5,61,110,54,136,69.5,6,,,,,,,,,,,,,
PM10,42,62.5,86.5,68,70,72.5,87.5,72.5,106.5,90.5,6,,,,,,,,,,,,,
PM10,68,75,118.5,73,57,54,75,75.5,104,64,6,,,,,,,,,,,,,
PM10,90.5,72.5,94.5,81.5,56.5,69,72,69,98,54.5,6,,,,,,,,,,,,,
PM10,73.5,100,127,39,51,63.5,69.5,67,91.5,62,6,,,,,,,,,,,,,
PM10,81,102,137,87.5,58,51.5,63,65,72.5,68.5,6,,,,,,,,,,,,,
PM10,62,73.5,141.5,72,66.5,69,62.5,92.5,60,72,6,,,,,,,,,,,,,
PM10,60.5,72,130,67,64.5,59.5,57.5,65,59,79.5,6,,,,,,,,,,,,,
PM10,74.5,77.5,133.5,59,76.5,60.5,77.5,67,55,64,7,,,,,,,,,,,,,
PM10,74,85,141,61.5,84.5,49,75.5,61.5,58,80,7,,,,,,,,,,,,,
PM10,86.5,95.5,122.5,70.5,85.5,71.5,60,63,68,59.5,7,,,,,,,,,,,,,
PM10,84,70,128.5,76.5,74,66,69.5,59,65.5,83,7,,,,,,,,,,,,,
PM10,70,69,102.5,72,73,79.5,61.5,72,71,65,7,,,,,,,,,,,,,
PM10,66.5,62,100,70.5,63.5,61,52,79.5,80.5,85.5,7,,,,,,,,,,,,,
PM10,70.5,84.5,104,86.5,66.5,74.5,53.5,103,72,87.5,7,,,,,,,,,,,,,
PM10,71.5,77,100,150,78,69,65.5,103.5,70.5,68.5,7,,,,,,,,,,,,,
PM10,83.5,66,87,138.5,91,75,63,52,68.5,77.5,7,,,,,,,,,,,,,
PM10,82,78.5,119.5,115.5,91.5,74.5,66,66,69.5,87.5,7,,,,,,,,,,,,,
PM10,71.5,85.5,141,99,77,67.5,94.5,104,58,89.5,7,,,,,,,,,,,,,
PM10,69,69,115,86.5,92.5,90.5,120,76.5,61.5,83,7,,,,,,,,,,,,,
PM10,64.5,75,83,80,90.5,85,83.5,75,59.5,89.5,7,,,,,,,,,,,,,
PM10,74.5,77.5,99.5,79,90,83,75.5,56,122,92,7,,,,,,,,,,,,,
PM10,67.5,64,116,78,65,77,74,67.5,114,85.5,7,,,,,,,,,,,,,
PM10,81,77,121,81,83.5,68.5,74,78,85.5,86.5,7,,,,,,,,,,,,,
PM10,78.5,64.5,127,69.5,95,60.5,75.5,93.5,115.5,106.5,7,,,,,,,,,,,,,
PM10,63.5,52,100.5,74,92,84.5,79,72.5,87.5,98.5,7,,,,,,,,,,,,,
PM10,58,83,84.5,84.5,78,52,56.5,71,82.5,63,7,,,,,,,,,,,,,
PM10,56.5,112,84,76,81.5,52,51.5,83.5,47,77,7,,,,,,,,,,,,,
PM10,66.5,65,77,87,87.5,49,47,102.5,70,85,7,,,,,,,,,,,,,
PM10,80.5,74.5,78,73.5,79,61,67.5,217.1428571,83.5,106.5,7,,,,,,,,,,,,,
PM10,85.5,100,73.5,60,77,87.5,78.5,79,74,95.5,7,,,,,,,,,,,,,
PM10,86.5,89,71,65,56.5,76.5,87.5,65.5,58.5,93,7,,,,,,,,,,,,,
PM10,126,74.5,75.5,55,69.5,156.5,67.5,59.5,94,59.5,7,,,,,,,,,,,,,
PM10,69.5,57.5,92.5,66.5,83.5,98,65.5,62,89,87,7,,,,,,,,,,,,,
PM10,62.5,56,99.5,155,89.5,79.5,99,91,63,64,7,,,,,,,,,,,,,
PM10,66,53,97.5,130.5,79.5,56.5,147.5,72.5,59.5,59.5,7,,,,,,,,,,,,,
PM10,68.5,73,110.5,123.5,63,66,91,90.5,65.5,99.5,7,,,,,,,,,,,,,
PM10,85,81.5,113,118.5,62,91,64.5,107.5,67,83,7,,,,,,,,,,,,,
PM10,72,81.5,87,86,59,63,58,60,69.5,60.5,7,,,,,,,,,,,,,
PM10,65.5,73,69,82.5,58,70.5,55.5,78,62,76,8,,,,,,,,,,,,,
PM10,66,82.5,92,71.5,83.5,74.5,64,69.5,69,60.5,8,,,,,,,,,,,,,
PM10,66,76,128.5,73,92.5,64.5,63.5,77,120.5,69.5,8,,,,,,,,,,,,,
PM10,61,86.5,86,66,69.5,71.5,70,68.5,89,55.5,8,,,,,,,,,,,,,
PM10,62.5,64,75.5,80,87,83,60,58,72,101.5,8,,,,,,,,,,,,,
PM10,66.5,75,51.5,101.5,90.5,91.5,61.5,64.5,73,47,8,,,,,,,,,,,,,
PM10,53.5,101.5,73,85.5,62.5,78,84.5,69.5,78.5,46,8,,,,,,,,,,,,,
PM10,54,94,75,56,76.5,65,81,73.5,66,47,8,,,,,,,,,,,,,
PM10,56.5,86.5,62.5,54.5,76.5,80,75.5,69.5,50,53,8,,,,,,,,,,,,,
PM10,60.5,85,71.5,66,67,67.5,75,60.5,78.5,103.5,8,,,,,,,,,,,,,
PM10,74,79,60,85,65.5,77,73,63,92.5,52,8,,,,,,,,,,,,,
PM10,75,79.5,64.5,78.5,73.5,67,55.5,72.5,77,57.5,8,,,,,,,,,,,,,
PM10,82,71,59,75,80,60,77,69,80,57,8,,,,,,,,,,,,,
PM10,68.5,65,54.5,74,83.5,88.5,76,74,66,69,8,,,,,,,,,,,,,
PM10,74.5,78,51.5,70.5,79.5,79,74,74,69,55,8,,,,,,,,,,,,,
PM10,83.5,55,64,72.5,75,82.5,65.5,75.5,84.5,50,8,,,,,,,,,,,,,
PM10,76.5,78,57.5,59.5,70.5,51,51.5,64,97,39,8,,,,,,,,,,,,,
PM10,76.5,69.5,46,45,63.5,53,48,66,69.5,32,8,,,,,,,,,,,,,
PM10,61,61,78.5,57.5,64,69.5,52.5,70.5,52.5,32,8,,,,,,,,,,,,,
PM10,59.5,76,78.5,67.5,76,95,77.5,66,36,50,8,,,,,,,,,,,,,
PM10,74,78.5,69,81,66,92.5,95.5,74.5,54.5,56,8,,,,,,,,,,,,,
PM10,71.5,56,52,78.5,62.5,82.5,69.5,56,42,69.5,8,,,,,,,,,,,,,
PM10,97.5,54.5,64,74,68.5,65,47,62.5,39,76,8,,,,,,,,,,,,,
PM10,93.5,57,66,69,88,68,58.5,73,57.5,63,8,,,,,,,,,,,,,
PM10,71.5,71,56,71,84,68,61.5,67,53,61,8,,,,,,,,,,,,,
PM10,52,75,77,79.5,75,69,73,61,57,58.5,8,,,,,,,,,,,,,
PM10,58.5,51.5,86,57.5,82.5,55.5,63,51,59,55,8,,,,,,,,,,,,,
PM10,71.5,61,71.5,68.5,90,63,64.5,85,56,57,8,,,,,,,,,,,,,
PM10,58,54,39,92,77,62,79,53.5,59.5,60,8,,,,,,,,,,,,,
PM10,68,36,60,74.5,64,51,84.5,47,64.5,54,8,,,,,,,,,,,,,
PM10,84,53,51.5,101.5,51,52,55.5,58,82,59,8,,,,,,,,,,,,,
PM10,77,63,44,79.5,93.5,59,64.5,73,110,78,9,,,,,,,,,,,,,
PM10,56,49,71.5,91,76.5,68,56,70.5,76,82,9,,,,,,,,,,,,,
PM10,49,78,79,64,85.5,57.5,64.5,64.5,66.5,119.5,9,,,,,,,,,,,,,
PM10,44,87,76.5,81,58,67.5,76.5,52,72.5,98,9,,,,,,,,,,,,,
PM10,39,42,95.5,82,43,72,79,59.5,80.5,97.5,9,,,,,,,,,,,,,
PM10,60.5,63.5,82,84.5,57.5,67.5,69.5,71.5,101.5,62,9,,,,,,,,,,,,,
PM10,63.5,59,52,95,57.5,64,72.5,41,94,59.5,9,,,,,,,,,,,,,
PM10,82.5,54.5,44,101.5,72,68,77,36,43,54.5,9,,,,,,,,,,,,,
PM10,95,51,40,114.5,60,63,86,61,58,66,9,,,,,,,,,,,,,
PM10,86,77.5,73,98.5,51,63,86,67.5,57,58.5,9,,,,,,,,,,,,,
PM10,82.5,79,71,94,61.5,64,64.5,78.5,67,56,9,,,,,,,,,,,,,
PM10,38,80,51,91.5,78.5,66.5,58,71.5,66,58,9,,,,,,,,,,,,,
PM10,37,74,58.5,71.5,91.5,63.5,77.5,52.5,87.5,53,9,,,,,,,,,,,,,
PM10,30,76,59,65,94,75,97,50,72.5,54,9,,,,,,,,,,,,,
PM10,55,90,24,82,92,86,114,58,89.5,36,9,,,,,,,,,,,,,
PM10,59.5,74,44,65,93,82,77.5,83.5,68.5,53,9,,,,,,,,,,,,,
PM10,73.5,89.5,44,83,131.5,96,99,52.5,51.5,52,9,,,,,,,,,,,,,
PM10,81.5,55,31,101,96,84,110,76.5,73,36,9,,,,,,,,,,,,,
PM10,74,43,53.5,75,89,56.5,83,72.5,50,34,9,,,,,,,,,,,,,
PM10,59.5,52,34,65,101.5,40,84.5,69.5,97.5,51,9,,,,,,,,,,,,,
PM10,50.5,66,45,47,138,49,66,48,98,53.5,9,,,,,,,,,,,,,
PM10,57,64.5,56,57,97,76.5,87,59.5,23,59.5,9,,,,,,,,,,,,,
PM10,58.5,50,54.5,67.5,128.5,139,78,64,35,65,9,,,,,,,,,,,,,
PM10,64.5,57.5,55,72.5,91.5,121,75.5,76,60,58,9,,,,,,,,,,,,,
PM10,54,62.5,58.5,89.5,71,135,55.5,76,71.5,55,9,,,,,,,,,,,,,
PM10,68.5,99,53.5,89.5,94.5,95,61.5,81,57.5,52,9,,,,,,,,,,,,,
PM10,60.5,86,69,107.5,82.5,211.4285714,60,74.5,61,57.5,9,,,,,,,,,,,,,
PM10,40,84,69.5,103.5,70.5,41,66.5,108,71,52,9,,,,,,,,,,,,,
PM10,53,68,69,90.5,83.5,45,45,124,70,61,9,,,,,,,,,,,,,
PM10,64,104.5,58,73.5,70.5,42,62,111.5,89.5,63,9,,,,,,,,,,,,,
PM10,64,78.5,28,67,76,57.5,69,78.5,80,65,10,,,,,,,,,,,,,
PM10,67.5,75,31,62.5,82.5,41,112,92.5,81,57,10,,,,,,,,,,,,,
PM10,75,63.5,35,53.5,69,69.5,123,59,54,53,10,,,,,,,,,,,,,
PM10,84.5,87,47,73.5,73,60,121.5,93,61,54,10,,,,,,,,,,,,,
PM10,93.5,96.5,56,81.5,112.5,87.5,114,73,43,62,10,,,,,,,,,,,,,
PM10,52,64.5,51,86,122.5,55.5,95.5,83,70.5,65,10,,,,,,,,,,,,,
PM10,53.5,71.5,54.5,63,82.5,53.5,50.5,84.5,73.5,85.5,10,,,,,,,,,,,,,
PM10,60.5,67,67.5,79.5,102.5,39,64,76,58,63.5,10,,,,,,,,,,,,,
PM10,60,92.5,94.5,80,105,54,77.5,80.5,81.5,57,10,,,,,,,,,,,,,
PM10,58,111,89,85,97.5,50,112,74,70,102,10,,,,,,,,,,,,,
PM10,60.5,84,84.5,94.5,66,45,98,77,74.5,57.5,10,,,,,,,,,,,,,
PM10,72.5,35,68,92,70,58.5,76,90,49,54.5,10,,,,,,,,,,,,,
PM10,112.5,46,72,81.5,124,72,80,96,58.5,51.5,10,,,,,,,,,,,,,
PM10,104.5,57,53,71.5,101.5,57.5,78.5,57.5,71.5,52,10,,,,,,,,,,,,,
PM10,114.5,68.5,58.5,68.5,105,54,105.5,64,63.5,51,10,,,,,,,,,,,,,
PM10,105.5,93.5,83.5,75,83.5,62,116.5,82.5,63,52.5,10,,,,,,,,,,,,,
PM10,96.5,88.5,103,98.5,79,61,94,77,77.5,54.5,10,,,,,,,,,,,,,
PM10,75,119,101.5,89,77,56.5,76.5,62.5,63,52.5,10,,,,,,,,,,,,,
PM10,39,99,101,133.5,93.5,73,69.5,82.5,75,52,10,,,,,,,,,,,,,
PM10,29,74.5,91.5,110,90,54,110.5,71.5,75,54,10,,,,,,,,,,,,,
PM10,44,94,77.5,57.5,91,75.5,183,108,81,55,10,,,,,,,,,,,,,
PM10,48,72,67,59,63,86.5,72,99,97,55.5,10,,,,,,,,,,,,,
PM10,54.5,67.5,76.5,77,49,100,113.5,93.5,95,60,10,,,,,,,,,,,,,
PM10,80.5,70.5,62.5,97.5,73,88.5,55.5,113,99.5,38,10,,,,,,,,,,,,,
PM10,54,115.5,82.5,95,86,81.5,55,91,65,43,10,,,,,,,,,,,,,
PM10,52,88,50,97.5,61.5,79.5,59,103,40,54.5,10,,,,,,,,,,,,,
PM10,56.5,88,59,89.5,75.5,81,60,135.5,44,57,10,,,,,,,,,,,,,
PM10,68,88.5,68,93,59.5,56,59.5,92.5,66.5,63,10,,,,,,,,,,,,,
PM10,93.5,118,86.5,82.5,89,57,72.5,87,63,65,10,,,,,,,,,,,,,
PM10,122,94,85,93,74.5,57,67,115,61.5,61.5,10,,,,,,,,,,,,,
PM10,98.5,80.5,65.5,82,77.5,74,106,84,74.5,59,10,,,,,,,,,,,,,
PM10,71,80,56.5,71,138.5,70.5,87.5,54,79.5,55,11,,,,,,,,,,,,,
PM10,75.5,79.5,64,72,110.5,57,73.5,40,60.5,82.5,11,,,,,,,,,,,,,
PM10,64.5,84.5,79,109.5,93.5,84,92.5,36,71.5,109.5,11,,,,,,,,,,,,,
PM10,80.5,85,62,117.5,77.5,79.5,76,52.5,92.5,67.5,11,,,,,,,,,,,,,
PM10,96.5,107.5,53,139.5,81.5,81.5,75.5,88,87,61,11,,,,,,,,,,,,,
PM10,145.5,90.5,50.5,144,71,77,111.5,76.5,76,55,11,,,,,,,,,,,,,
PM10,122,39,58,106,75,81,120,73.5,82,71.5,11,,,,,,,,,,,,,
PM10,68,34,91,111,97.5,122,93,118,51.5,74.5,11,,,,,,,,,,,,,
PM10,60,51,160.5,111.5,112.5,222.8571429,57.5,117,51,79,11,,,,,,,,,,,,,
PM10,84,74.5,105,106,104,79.5,62,59,93,72.5,11,,,,,,,,,,,,,
PM10,146,75,61.5,136,92,70.5,83.5,54,306.25,76,11,,,,,,,,,,,,,
PM10,323.75,79.5,71.5,147.5,83,96,76,50.5,86,72.5,11,,,,,,,,,,,,,
PM10,92.5,87.5,87.5,86,109.5,89.5,96.5,66.5,98,70.5,11,,,,,,,,,,,,,
PM10,109.5,90,76.5,52,72,167,91,129,65,75.5,11,,,,,,,,,,,,,
PM10,123,123,80,80,72.5,79.5,140.5,99,62,76.5,11,,,,,,,,,,,,,
PM10,96.5,78,63,92,133.5,71,186,61,58,85.5,11,,,,,,,,,,,,,
PM10,69,90.5,67.5,91,91.5,57.5,110.5,92.5,83,73,11,,,,,,,,,,,,,
PM10,52.5,112,66.5,95.5,150,68,75,93,73.5,60.5,11,,,,,,,,,,,,,
PM10,79,113.5,64.5,117.5,137,79.5,60.5,131,75.5,63.5,11,,,,,,,,,,,,,
PM10,102,84.5,65.5,140.5,96.5,81,75,148.5,67.5,79.5,11,,,,,,,,,,,,,
PM10,109.5,76.5,55,175,66.5,90,64.5,141,66.5,81.5,11,,,,,,,,,,,,,
PM10,117,57,60.5,135,103,110,80,99,95.5,84,11,,,,,,,,,,,,,
PM10,90.5,80,54.5,85,50.5,217.1428571,89.5,138,65.5,80,11,,,,,,,,,,,,,
PM10,164,95,64.5,86.5,54,184,120.5,163.5,62,70.5,11,,,,,,,,,,,,,
PM10,156.5,112,25,86.5,76,130,208.5714286,320,79.5,89.5,11,,,,,,,,,,,,,
PM10,84,69,20,101,56,73,91,151.5,101.5,221.4285714,11,,,,,,,,,,,,,
PM10,90.5,52.5,26,94,49,61,69.5,91,125,126.5,11,,,,,,,,,,,,,
PM10,103.5,67,56,112.5,106.5,77.5,68,77,91.5,130.5,11,,,,,,,,,,,,,
PM10,130.5,104,73,84.5,87,99.5,58,72.5,89,74.5,11,,,,,,,,,,,,,
PM10,138,127.5,72,84.5,87.5,90,75,72,154.5,37,11,,,,,,,,,,,,,
PM10,142,116.5,78,90.5,157.5,81.5,65,139,171,78,12,,,,,,,,,,,,,
PM10,154.5,139.5,87,76.5,85.5,87,83,161,106.5,90.5,12,,,,,,,,,,,,,
PM10,170,170.5,94,85.5,64,94,163,90.5,100,99.5,12,,,,,,,,,,,,,
PM10,125,134,75,58,82.5,90,113,77,89,175.5,12,,,,,,,,,,,,,
PM10,91,88,44,61.5,100,96,96,89.5,91,225.7142857,12,,,,,,,,,,,,,
PM10,45,80,61,63.5,235.7142857,106,59.5,85,78,133.5,12,,,,,,,,,,,,,
PM10,37,53.5,110.5,74,92,88.5,61,98.5,67,65.5,12,,,,,,,,,,,,,
PM10,41,68,64.5,96.5,61,129,73,94.5,79.5,50,12,,,,,,,,,,,,,
PM10,59.5,84.5,70,118.5,61,169,100,147.5,86.5,51.5,12,,,,,,,,,,,,,
PM10,76.5,113,96.5,138.5,76.5,174,148,130.5,135,62,12,,,,,,,,,,,,,
PM10,110.5,88.5,92.5,56,67,82,254.2857143,86,93,60,12,,,,,,,,,,,,,
PM10,126,97.5,71.5,77.5,78.5,88.5,72.5,82.5,65,76.5,12,,,,,,,,,,,,,
PM10,132,128.5,105,75.5,97,113,150.5,92,73.5,82.5,12,,,,,,,,,,,,,
PM10,132.5,142,101.5,75,99.5,80.5,85,95,54.5,78,12,,,,,,,,,,,,,
PM10,154,142.5,106.5,77,89,103,69,96,59.5,55.5,12,,,,,,,,,,,,,
PM10,84,166,62.5,80.5,82,76.5,79,79,89.5,56.5,12,,,,,,,,,,,,,
PM10,81.5,173,67.5,76,61,92,69.5,91,107,60.5,12,,,,,,,,,,,,,
PM10,100.5,169,79,65,149,60,101,75,90,84,12,,,,,,,,,,,,,
PM10,116.5,97,91,88,86,101,102,91,111,100,12,,,,,,,,,,,,,
PM10,164.5,111.5,55,137.5,160,117,102,98,121,112,12,,,,,,,,,,,,,
PM10,110,107.5,57,88,97,303.75,101.5,97.5,133,162.5,12,,,,,,,,,,,,,
PM10,73.5,85.5,52.5,74.5,99.5,297.1428571,103.5,96.5,152.5,85.5,12,,,,,,,,,,,,,
PM10,67.5,129,32,89.5,147.5,177,76.5,148,214.2857143,76,12,,,,,,,,,,,,,
PM10,69.5,168,46,83,153,53,101,143.5,68,98,12,,,,,,,,,,,,,
PM10,63,158,79,83,162.5,110,102,136,60,79,12,,,,,,,,,,,,,
PM10,105,94,83,92.5,199.5,107,106,109,70,94.5,12,,,,,,,,,,,,,
PM10,146,106.5,87.5,117.5,89.5,138,104,81,84.5,97.5,12,,,,,,,,,,,,,
PM10,107.5,95,58,114.5,53,94.5,105.5,85,105,78.5,12,,,,,,,,,,,,,
PM10,186.5,132,54.5,83.5,87,61,105,90,72,87.5,12,,,,,,,,,,,,,
PM10,212.8571429,122.5,59.5,261.4285714,80,54,102,99,112.5,78,12,,,,,,,,,,,,,
PM10,145,108.5,55.5,108.5,92,55,102,95.5,81.5,94.5,12,,,,,,,,,,,,,
,29960.10714,32810.5,34823.42857,30142.78571,29657.71429,30960.85714,32542.21429,31692.46429,30741.32143,28077.5,,,,,,,,,,,,,,
