2002,2003,2004,2005,2006,2007,2008,2009,2010,2011
0.101,0.385,0.125,0.063,0.058,0.137,0.069,0.120,0.097,0.030
0.119,0.267,0.129,0.082,0.060,0.137,0.107,0.191,0.122,0.037
0.087,0.174,0.136,0.088,0.114,0.188,0.111,0.304,0.118,0.049
0.113,0.188,0.201,0.094,0.128,0.201,0.222,0.360,0.098,0.067
0.125,0.245,0.201,0.147,0.040,0.230,0.091,0.299,0.060,0.065
0.147,0.221,0.208,0.094,0.058,0.111,0.133,0.193,0.217,0.024
0.067,0.205,0.135,0.116,0.056,0.092,0.279,0.113,0.241,0.033
0.140,0.228,0.084,0.143,0.068,0.105,0.226,0.110,0.140,0.039
0.102,0.174,0.077,0.141,0.067,0.105,0.248,0.092,0.253,0.032
0.086,0.343,0.119,0.146,0.162,0.127,0.134,0.088,0.146,0.030
0.122,0.326,0.101,0.194,0.157,0.118,0.108,0.074,0.112,0.048
0.128,0.169,0.065,0.178,0.095,0.118,0.098,0.096,0.133,0.034
0.056,0.162,0.097,0.141,0.067,0.155,0.095,0.108,0.113,0.040
0.076,0.160,0.062,0.156,0.089,0.131,0.140,0.130,0.074,0.071
0.047,0.174,0.099,0.094,0.096,0.148,0.149,0.092,0.098,0.028
0.031,0.110,0.077,0.114,0.128,0.184,0.128,0.156,0.130,0.033
0.085,0.146,0.104,0.079,0.089,0.185,0.142,0.215,0.116,0.054
0.124,0.205,0.092,0.070,0.044,0.200,0.137,0.160,0.123,0.054
0.123,0.260,0.111,0.088,0.060,0.133,0.258,0.113,0.293,0.105
0.124,0.278,0.129,0.094,0.064,0.132,0.114,0.079,0.139,0.122
0.072,0.164,0.048,0.091,0.115,0.173,0.078,0.078,0.090,0.070
0.082,0.115,0.107,0.074,0.104,0.137,0.107,0.057,0.058,0.087
0.084,0.094,0.059,0.082,0.116,0.157,0.113,0.037,0.110,0.053
0.106,0.151,0.048,0.069,0.102,0.135,0.097,0.065,0.090,0.032
0.144,0.217,0.087,0.054,0.060,0.209,0.121,0.088,0.112,0.053
0.125,0.131,0.108,0.065,0.088,0.107,0.097,0.173,0.149,0.054
0.081,0.079,0.088,0.142,0.074,0.096,0.143,0.093,0.100,0.084
0.092,0.066,0.093,0.088,0.119,0.082,0.127,0.048,0.126,0.047
0.091,0.107,0.089,0.034,0.086,0.076,0.107,0.108,0.108,0.035
0.122,0.129,0.128,0.042,0.050,0.087,0.088,0.136,0.139,0.037
0.105,0.123,0.185,0.071,0.059,0.101,0.112,0.247,0.195,0.055
0.108,0.136,0.157,0.038,0.101,0.061,0.134,0.264,0.106,0.046
0.155,0.167,0.072,0.095,0.084,0.110,0.140,0.344,0.119,0.055
0.093,0.116,0.100,0.097,0.041,0.071,0.159,0.180,0.118,0.088
0.071,0.220,0.092,0.071,0.039,0.106,0.119,0.205,0.113,0.069
0.088,0.095,0.070,0.056,0.073,0.100,0.142,0.089,0.113,0.079
0.050,0.082,0.080,0.060,0.041,0.113,0.091,0.198,0.113,0.054
0.094,0.045,0.101,0.055,0.045,0.131,0.141,0.122,0.132,0.070
0.037,0.072,0.096,0.064,0.041,0.084,0.134,0.206,0.114,0.079
0.059,0.094,0.113,0.096,0.047,0.084,0.075,0.096,0.116,0.039
0.054,0.047,0.073,0.050,0.043,0.091,0.088,0.108,0.125,0.056
0.059,0.063,0.150,0.061,0.084,0.101,0.111,0.118,0.082,0.041
0.075,0.071,0.158,0.092,0.111,0.089,0.080,0.113,0.099,0.031
0.083,0.086,0.089,0.052,0.037,0.123,0.083,0.074,0.133,0.069
0.089,0.149,0.056,0.058,0.046,0.069,0.097,0.106,0.163,0.046
0.065,0.150,0.074,0.050,0.071,0.083,0.109,0.070,0.113,0.038
0.023,0.132,0.080,0.022,0.049,0.066,0.122,0.114,0.135,0.039
0.052,0.111,0.140,0.046,0.030,0.097,0.116,0.037,0.095,0.041
0.077,0.116,0.059,0.033,0.030,0.102,0.114,0.036,0.076,0.054
0.081,0.122,0.085,0.030,0.025,0.116,0.097,0.059,0.127,0.042
0.044,0.099,0.099,0.051,0.025,0.056,0.111,0.034,0.110,0.053
0.035,0.074,0.067,0.057,0.023,0.052,0.116,0.036,0.077,0.088
0.083,0.033,0.027,0.037,0.027,0.054,0.142,0.063,0.096,0.070
0.086,0.075,0.056,0.068,0.038,0.128,0.117,0.035,0.126,0.042
0.075,0.095,0.045,0.064,0.045,0.088,0.121,0.074,0.063,0.044
0.064,0.122,0.047,0.030,0.038,0.086,0.113,0.037,0.106,0.071
0.083,0.087,0.056,0.038,0.035,0.083,0.093,0.042,0.105,0.066
0.091,0.113,0.050,0.047,0.070,0.059,0.100,0.039,0.114,0.038
0.073,0.104,0.038,0.055,0.062,0.070,0.102,0.035,0.119,0.026
0.055,0.064,0.071,0.060,0.061,0.079,0.071,0.082,0.078,0.037
0.053,0.092,0.050,0.039,0.058,0.027,0.087,0.043,0.122,0.048
0.073,0.040,0.079,0.046,0.045,0.054,0.076,0.033,0.099,0.037
0.135,0.065,0.050,0.034,0.038,0.027,0.083,0.029,0.141,0.020
0.047,0.077,0.053,0.061,0.044,0.018,0.093,0.028,0.086,0.034
0.072,0.056,0.036,0.052,0.054,0.033,0.103,0.030,0.148,0.035
0.074,0.082,0.055,0.064,0.067,0.056,0.093,0.023,0.092,0.029
0.060,0.088,0.043,0.104,0.104,0.062,0.060,0.031,0.083,0.039
0.031,0.094,0.045,0.111,0.046,0.048,0.080,0.033,0.046,0.023
0.046,0.046,0.031,0.127,0.042,0.037,0.064,0.050,0.043,0.021
0.059,0.031,0.056,0.055,0.064,0.035,0.062,0.060,0.069,0.032
0.043,0.035,0.029,0.043,0.031,0.045,0.057,0.039,0.085,0.026
0.069,0.060,0.026,0.060,0.028,0.061,0.051,0.025,0.113,0.026
0.038,0.114,0.044,0.056,0.041,0.077,0.056,0.021,0.113,0.025
0.047,0.072,0.036,0.062,0.035,0.104,0.051,0.028,0.087,0.017
0.025,0.085,0.044,0.107,0.045,0.124,0.049,0.030,0.044,0.023
0.042,0.068,0.047,0.081,0.030,0.110,0.044,0.024,0.043,0.021
0.029,0.085,0.037,0.047,0.030,0.086,0.052,0.028,0.048,0.019
0.023,0.070,0.040,0.063,0.028,0.065,0.063,0.026,0.060,0.024
0.047,0.029,0.048,0.068,0.029,0.039,0.058,0.033,0.079,0.029
0.025,0.034,0.092,0.106,0.050,0.043,0.033,0.031,0.063,0.028
0.027,0.054,0.049,0.055,0.055,0.049,0.026,0.026,0.069,0.017
0.036,0.060,0.035,0.087,0.031,0.050,0.033,0.029,0.078,0.020
0.033,0.046,0.067,0.023,0.025,0.046,0.033,0.025,0.078,0.017
0.023,0.052,0.071,0.029,0.031,0.041,0.029,0.025,0.069,0.012
0.014,0.037,0.047,0.036,0.029,0.051,0.033,0.016,0.030,0.022
0.027,0.062,0.031,0.046,0.044,0.070,0.031,0.030,0.062,0.019
0.027,0.043,0.028,0.056,0.021,0.087,0.032,0.027,0.123,0.017
0.026,0.029,0.046,0.060,0.018,0.036,0.030,0.035,0.100,0.022
0.021,0.055,0.038,0.040,0.060,0.053,0.032,0.029,0.041,0.021
0.017,0.063,0.034,0.039,0.032,0.070,0.033,0.025,0.035,0.025
0.013,0.057,0.022,0.091,0.037,0.084,0.042,0.017,0.073,0.027
0.032,0.034,0.033,0.070,0.023,0.034,0.049,0.017,0.032,0.034
0.034,0.019,0.028,0.058,0.024,0.021,0.027,0.025,0.031,0.020
0.043,0.022,0.027,0.038,0.024,0.040,0.032,0.019,0.030,0.017
0.031,0.044,0.023,0.043,0.035,0.036,0.031,0.027,0.033,0.024
0.006,0.032,0.034,0.030,0.043,0.041,0.027,0.024,0.032,0.017
0.013,0.033,0.043,0.051,0.026,0.042,0.032,0.020,0.021,0.020
0.011,0.029,0.036,0.078,0.032,0.035,0.041,0.021,0.019,0.023
0.015,0.050,0.040,0.038,0.029,0.031,0.029,0.021,0.022,0.021
0.018,0.041,0.030,0.032,0.034,0.043,0.032,0.015,0.025,0.024
0.022,0.033,0.053,0.049,0.051,0.070,0.065,0.017,0.064,0.028
0.018,0.026,0.068,0.056,0.024,0.035,0.043,0.020,0.051,0.016
0.015,0.038,0.042,0.056,0.014,0.023,0.038,0.027,0.014,0.018
0.012,0.028,0.041,0.041,0.026,0.039,0.038,0.035,0.015,0.020
0.024,0.019,0.042,0.068,0.025,0.033,0.029,0.018,0.017,0.028
0.010,0.016,0.033,0.050,0.040,0.027,0.034,0.023,0.016,0.028
0.014,0.031,0.037,0.044,0.024,0.025,0.039,0.027,0.027,0.018
0.015,0.021,0.039,0.060,0.029,0.019,0.037,0.016,0.029,0.010
0.011,0.028,0.052,0.053,0.023,0.020,0.035,0.039,0.028,0.016
0.012,0.051,0.052,0.040,0.017,0.027,0.028,0.013,0.047,0.019
0.011,0.035,0.041,0.035,0.028,0.035,0.031,0.017,0.065,0.016
0.018,0.016,0.041,0.041,0.021,0.042,0.017,0.019,0.031,0.017
0.015,0.032,0.078,0.058,0.024,0.037,0.016,0.028,0.018,0.020
0.015,0.050,0.084,0.041,0.021,0.030,0.016,0.017,0.016,0.019
0.020,0.036,0.042,0.051,0.036,0.027,0.017,0.021,0.020,0.016
0.021,0.020,0.037,0.051,0.028,0.026,0.019,0.016,0.016,0.023
0.033,0.034,0.016,0.053,0.035,0.058,0.027,0.015,0.015,0.021
0.021,0.024,0.030,0.039,0.047,0.018,0.028,0.019,0.015,0.021
0.009,0.018,0.026,0.104,0.021,0.017,0.026,0.027,0.019,0.019
0.011,0.020,0.023,0.067,0.030,0.019,0.028,0.021,0.017,0.021
0.032,0.018,0.038,0.046,0.030,0.023,0.024,0.034,0.025,0.019
0.023,0.015,0.041,0.039,0.043,0.019,0.023,0.018,0.020,0.021
0.015,0.023,0.018,0.022,0.033,0.022,0.018,0.017,0.019,0.022
0.026,0.042,0.028,0.035,0.017,0.035,0.017,0.017,0.021,0.025
0.029,0.040,0.035,0.045,0.013,0.021,0.016,0.016,0.015,0.018
0.019,0.037,0.040,0.024,0.014,0.026,0.021,0.016,0.020,0.022
0.009,0.029,0.050,0.029,0.024,0.020,0.016,0.020,0.019,0.040
0.014,0.026,0.029,0.037,0.024,0.029,0.016,0.023,0.022,0.032
0.016,0.033,0.037,0.036,0.016,0.034,0.030,0.018,0.027,0.014
0.013,0.018,0.053,0.061,0.016,0.024,0.015,0.026,0.022,0.022
0.008,0.014,0.041,0.024,0.018,0.021,0.020,0.015,0.018,0.029
0.009,0.023,0.027,0.035,0.015,0.023,0.014,0.022,0.029,0.023
0.018,0.037,0.025,0.035,0.014,0.024,0.011,0.030,0.038,0.019
0.033,0.026,0.033,0.046,0.012,0.026,0.011,0.020,0.036,0.016
0.008,0.017,0.029,0.026,0.016,0.041,0.018,0.017,0.024,0.023
0.003,0.020,0.033,0.020,0.017,0.018,0.027,0.025,0.030,0.068
0.005,0.030,0.023,0.016,0.014,0.023,0.031,0.018,0.016,0.029
0.013,0.028,0.024,0.021,0.015,0.016,0.032,0.016,0.015,0.017
0.018,0.026,0.031,0.025,0.012,0.023,0.018,0.016,0.027,0.024
0.019,0.024,0.030,0.046,0.015,0.022,0.014,0.017,0.016,0.041
0.018,0.025,0.032,0.041,0.014,0.015,0.016,0.018,0.019,0.021
0.015,0.016,0.035,0.029,0.010,0.021,0.018,0.018,0.024,0.020
0.028,0.005,0.035,0.044,0.013,0.017,0.017,0.016,0.024,0.014
0.027,0.016,0.031,0.044,0.015,0.014,0.012,0.016,0.024,0.016
0.020,0.028,0.027,0.028,0.012,0.024,0.012,0.029,0.018,0.016
0.037,0.018,0.020,0.031,0.010,0.026,0.017,0.020,0.022,0.032
0.029,0.027,0.018,0.031,0.009,0.029,0.013,0.026,0.038,0.017
0.028,0.022,0.021,0.030,0.009,0.040,0.021,0.029,0.019,0.023
0.012,0.011,0.033,0.036,0.014,0.047,0.019,0.038,0.015,0.016
0.009,0.021,0.032,0.026,0.018,0.037,0.013,0.017,0.015,0.018
0.017,0.028,0.023,0.030,0.014,0.022,0.012,0.022,0.035,0.021
0.015,0.030,0.021,0.039,0.012,0.017,0.011,0.021,0.037,0.014
0.040,0.016,0.030,0.048,0.011,0.017,0.012,0.026,0.028,0.014
0.037,0.011,0.027,0.038,0.013,0.019,0.019,0.070,0.033,0.020
0.014,0.020,0.028,0.048,0.015,0.022,0.010,0.114,0.017,0.031
0.014,0.017,0.028,0.074,0.015,0.027,0.011,0.031,0.021,0.043
0.012,0.034,0.036,0.032,0.015,0.031,0.018,0.026,0.015,0.022
0.011,0.017,0.034,0.038,0.015,0.029,0.017,0.017,0.014,0.011
0.016,0.025,0.034,0.032,0.012,0.030,0.017,0.022,0.017,0.018
0.031,0.008,0.034,0.033,0.014,0.046,0.022,0.008,0.025,0.027
0.007,0.006,0.035,0.026,0.012,0.034,0.029,0.011,0.020,0.032
0.017,0.015,0.046,0.031,0.012,0.030,0.033,0.011,0.023,0.017
0.016,0.007,0.066,0.025,0.023,0.023,0.028,0.028,0.033,0.020
0.014,0.008,0.074,0.028,0.015,0.026,0.020,0.023,0.034,0.016
0.023,0.011,0.043,0.037,0.011,0.037,0.018,0.026,0.022,0.018
0.030,0.012,0.041,0.038,0.011,0.039,0.082,0.022,0.017,0.019
0.037,0.019,0.026,0.039,0.014,0.028,0.021,0.022,0.013,0.015
0.022,0.017,0.020,0.020,0.021,0.027,0.018,0.008,0.016,0.016
0.013,0.016,0.021,0.014,0.025,0.031,0.025,0.010,0.014,0.016
0.010,0.023,0.028,0.030,0.014,0.031,0.014,0.007,0.012,0.020
0.021,0.024,0.043,0.036,0.011,0.019,0.013,0.008,0.022,0.025
0.059,0.016,0.039,0.034,0.014,0.016,0.011,0.011,0.023,0.018
0.033,0.011,0.036,0.020,0.011,0.017,0.014,0.012,0.018,0.012
0.033,0.007,0.031,0.024,0.011,0.019,0.017,0.010,0.037,0.007
0.012,0.010,0.029,0.023,0.013,0.018,0.020,0.014,0.033,0.014
0.014,0.020,0.019,0.021,0.015,0.022,0.017,0.013,0.029,0.020
0.023,0.023,0.022,0.015,0.015,0.019,0.022,0.012,0.033,0.012
0.011,0.016,0.037,0.008,0.014,0.015,0.015,0.011,0.028,0.012
0.010,0.020,0.039,0.010,0.016,0.013,0.014,0.008,0.018,0.013
0.009,0.016,0.028,0.012,0.011,0.015,0.015,0.013,0.015,0.010
0.006,0.016,0.028,0.017,0.011,0.014,0.015,0.013,0.012,0.010
0.008,0.022,0.025,0.013,0.013,0.013,0.012,0.012,0.009,0.009
0.010,0.022,0.032,0.009,0.015,0.015,0.014,0.012,0.009,0.013
0.009,0.018,0.038,0.008,0.017,0.021,0.018,0.013,0.028,0.012
0.011,0.008,0.033,0.018,0.013,0.014,0.013,0.013,0.020,0.024
0.013,0.013,0.031,0.025,0.020,0.016,0.013,0.010,0.019,0.019
0.016,0.015,0.028,0.015,0.012,0.015,0.015,0.009,0.022,0.015
0.017,0.014,0.028,0.017,0.018,0.016,0.019,0.011,0.020,0.016
0.022,0.006,0.021,0.021,0.025,0.015,0.012,0.011,0.013,0.017
0.039,0.012,0.022,0.015,0.014,0.015,0.012,0.007,0.018,0.022
0.035,0.017,0.022,0.016,0.014,0.016,0.015,0.009,0.017,0.022
0.020,0.023,0.014,0.015,0.013,0.015,0.022,0.008,0.017,0.029
0.013,0.009,0.013,0.023,0.013,0.019,0.019,0.010,0.018,0.029
0.013,0.010,0.015,0.021,0.012,0.026,0.018,0.010,0.015,0.039
0.019,0.013,0.023,0.016,0.012,0.017,0.021,0.005,0.019,0.033
0.026,0.009,0.020,0.015,0.013,0.018,0.009,0.006,0.016,0.018
0.030,0.007,0.015,0.017,0.013,0.014,0.012,0.009,0.018,0.013
0.025,0.007,0.013,0.016,0.011,0.014,0.012,0.010,0.015,0.017
0.007,0.009,0.012,0.012,0.013,0.012,0.009,0.007,0.015,0.030
0.004,0.009,0.015,0.018,0.012,0.014,0.014,0.008,0.017,0.014
0.006,0.011,0.015,0.017,0.014,0.022,0.009,0.008,0.011,0.018
0.006,0.008,0.014,0.021,0.016,0.016,0.011,0.009,0.016,0.014
0.006,0.005,0.014,0.020,0.015,0.020,0.013,0.009,0.014,0.014
0.006,0.007,0.014,0.009,0.019,0.029,0.013,0.008,0.013,0.015
0.008,0.004,0.013,0.014,0.017,0.026,0.016,0.009,0.014,0.011
0.016,0.009,0.014,0.015,0.016,0.013,0.015,0.010,0.023,0.010
0.017,0.008,0.016,0.019,0.014,0.013,0.016,0.010,0.017,0.017
0.016,0.007,0.013,0.017,0.018,0.013,0.019,0.013,0.013,0.012
0.007,0.008,0.013,0.015,0.014,0.012,0.016,0.010,0.015,0.011
0.007,0.009,0.014,0.017,0.014,0.015,0.014,0.008,0.015,0.021
0.007,0.016,0.014,0.030,0.010,0.013,0.016,0.010,0.015,0.015
0.005,0.005,0.016,0.016,0.011,0.016,0.015,0.014,0.014,0.014
0.006,0.006,0.016,0.019,0.012,0.015,0.011,0.014,0.019,0.019
0.057,0.005,0.023,0.013,0.013,0.017,0.014,0.011,0.034,0.025
0.009,0.011,0.017,0.013,0.013,0.021,0.014,0.013,0.045,0.016
0.008,0.011,0.008,0.016,0.012,0.023,0.014,0.017,0.012,0.030
0.008,0.013,0.010,0.024,0.011,0.026,0.013,0.013,0.013,0.040
0.011,0.011,0.010,0.025,0.012,0.026,0.014,0.012,0.040,0.043
0.018,0.009,0.006,0.034,0.012,0.017,0.011,0.012,0.032,0.041
0.021,0.019,0.008,0.020,0.012,0.014,0.013,0.029,0.013,0.045
0.027,0.015,0.009,0.016,0.013,0.014,0.013,0.020,0.011,0.041
0.026,0.017,0.008,0.024,0.015,0.013,0.011,0.018,0.018,0.069
0.024,0.013,0.009,0.023,0.017,0.016,0.012,0.019,0.021,0.043
0.025,0.020,0.011,0.019,0.020,0.026,0.015,0.012,0.011,0.046
0.030,0.015,0.006,0.025,0.016,0.017,0.014,0.014,0.012,0.042
0.017,0.014,0.010,0.024,0.013,0.030,0.013,0.015,0.017,0.036
0.020,0.020,0.015,0.017,0.011,0.019,0.015,0.018,0.033,0.039
0.031,0.012,0.016,0.019,0.015,0.018,0.013,0.013,0.030,0.039
0.023,0.021,0.011,0.017,0.017,0.011,0.012,0.012,0.041,0.036
0.024,0.016,0.020,0.011,0.021,0.010,0.011,0.017,0.017,0.034
0.024,0.015,0.017,0.020,0.033,0.015,0.013,0.017,0.012,0.026
0.045,0.023,0.022,0.032,0.022,0.023,0.016,0.014,0.009,0.035
0.037,0.019,0.020,0.023,0.021,0.019,0.016,0.022,0.013,0.032
0.015,0.009,0.016,0.054,0.033,0.023,0.011,0.030,0.011,0.034
0.015,0.008,0.020,0.047,0.032,0.032,0.015,0.019,0.014,0.040
0.034,0.005,0.017,0.021,0.025,0.024,0.015,0.016,0.033,0.037
0.024,0.013,0.017,0.028,0.032,0.018,0.014,0.014,0.022,0.045
0.010,0.014,0.019,0.028,0.024,0.014,0.012,0.013,0.035,0.048
0.012,0.015,0.013,0.022,0.019,0.013,0.013,0.010,0.014,0.046
0.017,0.011,0.008,0.027,0.027,0.017,0.015,0.019,0.014,0.047
0.012,0.021,0.012,0.031,0.023,0.038,0.015,0.020,0.013,0.046
0.013,0.020,0.021,0.037,0.024,0.022,0.010,0.012,0.018,0.042
0.021,0.015,0.014,0.054,0.022,0.015,0.023,0.012,0.018,0.045
0.068,0.016,0.013,0.046,0.041,0.021,0.012,0.019,0.025,0.035
0.012,0.060,0.016,0.052,0.036,0.021,0.012,0.014,0.025,0.043
0.015,0.027,0.012,0.068,0.035,0.024,0.016,0.015,0.024,0.047
0.024,0.040,0.011,0.072,0.020,0.031,0.020,0.009,0.014,0.034
0.018,0.009,0.019,0.075,0.018,0.029,0.014,0.009,0.026,0.049
0.024,0.015,0.011,0.068,0.057,0.026,0.018,0.014,0.031,0.046
0.026,0.015,0.016,0.053,0.026,0.020,0.017,0.015,0.038,0.043
0.029,0.014,0.015,0.054,0.022,0.021,0.022,0.009,0.018,0.048
0.025,0.008,0.018,0.065,0.020,0.024,0.022,0.015,0.026,0.065
0.033,0.016,0.028,0.052,0.022,0.024,0.013,0.015,0.023,0.052
0.040,0.018,0.017,0.046,0.024,0.027,0.014,0.015,0.015,0.048
0.014,0.020,0.011,0.049,0.032,0.026,0.017,0.014,0.020,0.046
0.010,0.022,0.014,0.047,0.050,0.023,0.020,0.010,0.021,0.041
0.009,0.018,0.005,0.044,0.050,0.021,0.029,0.013,0.015,0.042
0.021,0.031,0.006,0.045,0.036,0.023,0.016,0.010,0.026,0.033
0.020,0.014,0.007,0.029,0.034,0.019,0.018,0.017,0.016,0.043
0.027,0.017,0.006,0.023,0.045,0.026,0.021,0.014,0.011,0.023
0.028,0.007,0.014,0.033,0.038,0.027,0.016,0.019,0.018,0.035
0.024,0.012,0.007,0.028,0.030,0.024,0.015,0.024,0.015,0.031
0.023,0.015,0.006,0.026,0.023,0.018,0.013,0.014,0.029,0.042
0.019,0.020,0.007,0.020,0.021,0.022,0.014,0.013,0.042,0.044
0.025,0.026,0.009,0.024,0.027,0.036,0.017,0.012,0.012,0.043
0.021,0.011,0.010,0.029,0.035,0.033,0.013,0.020,0.013,0.044
0.019,0.013,0.010,0.034,0.033,0.052,0.017,0.014,0.022,0.042
0.015,0.015,0.007,0.049,0.030,0.053,0.016,0.015,0.021,0.044
0.021,0.021,0.009,0.044,0.024,0.025,0.012,0.018,0.019,0.047
0.015,0.016,0.011,0.062,0.020,0.026,0.017,0.014,0.018,0.054
0.017,0.010,0.015,0.044,0.031,0.022,0.011,0.019,0.034,0.046
0.018,0.024,0.014,0.029,0.025,0.026,0.014,0.027,0.027,0.053
0.023,0.025,0.011,0.022,0.028,0.016,0.015,0.022,0.025,0.055
0.066,0.066,0.009,0.020,0.039,0.024,0.022,0.018,0.021,0.058
0.021,0.019,0.011,0.028,0.035,0.020,0.027,0.017,0.022,0.046
0.023,0.018,0.010,0.036,0.025,0.023,0.022,0.016,0.017,0.050
0.034,0.040,0.012,0.049,0.027,0.026,0.028,0.027,0.015,0.046
0.027,0.027,0.012,0.052,0.029,0.025,0.017,0.016,0.013,0.050
0.018,0.010,0.013,0.053,0.048,0.022,0.012,0.017,0.025,0.052
0.021,0.013,0.014,0.020,0.034,0.022,0.012,0.039,0.022,0.059
0.023,0.017,0.024,0.025,0.035,0.023,0.019,0.043,0.018,0.057
0.021,0.017,0.029,0.036,0.027,0.029,0.013,0.033,0.037,0.054
0.020,0.025,0.027,0.044,0.035,0.025,0.016,0.028,0.023,0.109
0.016,0.018,0.021,0.042,0.024,0.025,0.018,0.025,0.019,0.055
0.018,0.007,0.021,0.041,0.034,0.043,0.017,0.028,0.028,0.050
0.034,0.010,0.022,0.035,0.028,0.055,0.016,0.022,0.028,0.047
0.027,0.013,0.022,0.036,0.023,0.041,0.042,0.015,0.024,0.048
0.036,0.021,0.022,0.045,0.029,0.029,0.038,0.017,0.025,0.044
0.042,0.025,0.044,0.043,0.028,0.036,0.020,0.021,0.026,0.043
0.024,0.032,0.025,0.044,0.026,0.044,0.021,0.015,0.035,0.047
0.018,0.037,0.021,0.074,0.028,0.042,0.017,0.016,0.033,0.046
0.011,0.030,0.041,0.054,0.017,0.049,0.047,0.012,0.016,0.046
0.014,0.017,0.051,0.044,0.028,0.031,0.044,0.015,0.026,0.044
0.014,0.024,0.032,0.025,0.032,0.066,0.038,0.030,0.038,0.046
0.021,0.027,0.042,0.029,0.020,0.043,0.066,0.025,0.024,0.047
0.018,0.019,0.032,0.061,0.015,0.066,0.042,0.019,0.027,0.058
0.021,0.016,0.033,0.050,0.029,0.036,0.044,0.024,0.030,0.035
0.017,0.036,0.030,0.049,0.043,0.055,0.020,0.023,0.020,0.040
0.017,0.025,0.031,0.048,0.031,0.052,0.044,0.022,0.014,0.049
0.033,0.019,0.035,0.047,0.034,0.070,0.044,0.029,0.017,0.051
0.047,0.028,0.039,0.032,0.019,0.049,0.040,0.022,0.022,0.063
0.044,0.046,0.038,0.040,0.026,0.061,0.040,0.017,0.028,0.065
0.049,0.028,0.034,0.046,0.030,0.066,0.039,0.021,0.030,0.058
0.027,0.022,0.023,0.053,0.027,0.053,0.030,0.019,0.025,0.057
0.028,0.024,0.039,0.034,0.032,0.071,0.032,0.020,0.019,0.052
0.093,0.022,0.035,0.043,0.046,0.060,0.050,0.010,0.018,0.103
0.037,0.029,0.034,0.062,0.041,0.071,0.041,0.010,0.018,0.122
0.054,0.033,0.024,0.064,0.041,0.069,0.045,0.025,0.021,0.063
0.072,0.038,0.023,0.059,0.029,0.092,0.043,0.041,0.018,0.052
0.066,0.037,0.025,0.041,0.022,0.075,0.047,0.036,0.018,0.055
0.046,0.012,0.026,0.055,0.027,0.080,0.046,0.036,0.019,0.085
0.049,0.021,0.039,0.060,0.032,0.069,0.041,0.083,0.014,0.098
0.039,0.037,0.025,0.076,0.061,0.082,0.035,0.123,0.019,0.099
0.032,0.058,0.030,0.051,0.060,0.060,0.039,0.051,0.021,0.089
0.057,0.047,0.081,0.079,0.022,0.074,0.077,0.053,0.020,0.096
0.105,0.056,0.114,0.089,0.032,0.106,0.090,0.049,0.016,0.091
0.076,0.067,0.059,0.031,0.032,0.113,0.100,0.077,0.018,0.087
0.112,0.063,0.062,0.035,0.026,0.122,0.165,0.244,0.024,0.100
0.095,0.070,0.035,0.052,0.033,0.066,0.141,0.119,0.023,0.100
0.068,0.077,0.042,0.077,0.050,0.061,0.092,0.068,0.018,0.112
0.028,0.088,0.028,0.094,0.031,0.101,0.109,0.119,0.023,0.091
0.036,0.101,0.021,0.074,0.043,0.077,0.097,0.143,0.021,0.069
0.074,0.110,0.024,0.067,0.038,0.083,0.120,0.194,0.022,0.074
0.085,0.045,0.021,0.051,0.028,0.081,0.112,0.252,0.018,0.106
0.092,0.046,0.026,0.092,0.025,0.098,0.124,0.135,0.029,0.109
0.116,0.057,0.019,0.150,0.031,0.107,0.195,0.115,0.025,0.113
0.045,0.081,0.016,0.105,0.028,0.181,0.134,0.115,0.020,0.103
0.131,0.087,0.006,0.111,0.028,0.118,0.184,0.110,0.022,0.087
0.172,0.069,0.023,0.113,0.038,0.132,0.120,0.146,0.024,0.128
0.069,0.080,0.047,0.140,0.013,0.084,0.092,0.148,0.028,0.619
0.121,0.042,0.045,0.114,0.013,0.088,0.066,0.080,0.028,0.277
0.116,0.092,0.055,0.089,0.026,0.115,0.083,0.066,0.033,0.327
0.101,0.098,0.034,0.083,0.047,0.138,0.122,0.087,0.028,0.098
0.102,0.136,0.042,0.111,0.049,0.110,0.089,0.081,0.025,0.050
0.127,0.105,0.050,0.099,0.039,0.111,0.095,0.120,0.027,0.103
0.118,0.130,0.052,0.065,0.042,0.072,0.120,0.132,0.032,0.130
0.087,0.151,0.033,0.085,0.040,0.144,0.115,0.101,0.026,0.147
0.072,0.156,0.028,0.061,0.055,0.213,0.084,0.091,0.028,0.357
0.051,0.109,0.033,0.060,0.060,0.135,0.053,0.114,0.034,0.507
0.046,0.072,0.029,0.093,0.103,0.141,0.099,0.107,0.030,0.214
0.048,0.066,0.028,0.127,0.124,0.136,0.087,0.118,0.028,0.078
0.037,0.079,0.035,0.210,0.024,0.226,0.120,0.118,0.038,0.049
0.042,0.142,0.036,0.252,0.030,0.215,0.112,0.193,0.033,0.050
0.080,0.193,0.038,0.258,0.047,0.233,0.223,0.135,0.034,0.102
0.097,0.090,0.020,0.097,0.038,0.072,0.083,0.108,0.025,0.105
0.105,0.117,0.037,0.160,0.046,0.096,0.171,0.105,0.027,0.095
0.149,0.154,0.030,0.164,0.074,0.138,0.145,0.114,0.027,0.110
0.127,0.151,0.030,0.157,0.106,0.118,0.119,0.122,0.026,0.103
0.173,0.141,0.021,0.158,0.104,0.116,0.087,0.109,0.030,0.092
0.053,0.152,0.042,0.184,0.104,0.121,0.072,0.092,0.059,0.083
0.095,0.149,0.046,0.118,0.055,0.182,0.072,0.114,0.043,0.077
0.101,0.176,0.045,0.080,0.121,0.055,0.072,0.086,0.037,0.109
0.152,0.082,0.038,0.127,0.123,0.068,0.080,0.110,0.049,0.143
0.277,0.146,0.065,0.225,0.226,0.066,0.082,0.121,0.045,0.160
0.207,0.135,0.053,0.072,0.139,0.074,0.081,0.120,0.045,0.318
0.121,0.080,0.039,0.060,0.148,0.065,0.077,0.112,0.071,0.114
0.136,0.133,0.054,0.071,0.241,0.065,0.077,0.125,0.068,0.098
0.120,0.170,0.109,0.075,0.283,0.066,0.083,0.109,0.030,0.138
0.115,0.136,0.122,0.052,0.217,0.066,0.077,0.120,0.031,0.101
0.197,0.102,0.091,0.085,0.141,0.062,0.078,0.112,0.063,0.132
0.243,0.132,0.062,0.091,0.055,0.062,0.080,0.107,0.072,0.137
0.198,0.065,0.061,0.087,0.070,0.067,0.081,0.113,0.066,0.070
0.273,0.129,0.065,0.060,0.105,0.065,0.082,0.120,0.042,0.115
0.360,0.147,0.044,0.090,0.115,0.040,0.078,0.125,0.036,0.096
0.251,0.077,0.046,0.107,0.112,0.066,0.051,0.080,0.040,0.133
